Date, Open, High, Low, Close,,
08/22/17,1.224,1.25,1.216,1.239,,2017/8/22
08/21/17,1.237,1.247,1.211,1.226,,2017/8/21
08/18/17,1.237,1.255,1.218,1.239,,2017/8/18
08/17/17,1.25,1.263,1.224,1.229,,2017/8/17
08/16/17,1.234,1.273,1.232,1.252,,2017/8/16
08/15/17,1.212,1.251,1.212,1.241,,2017/8/15
08/14/17,1.202,1.23,1.199,1.218,,2017/8/14
2008/11/17,1.215,1.225,1.192,1.205,,2017/8/11
2008/10/17,1.218,1.233,1.202,1.22,,2017/8/10
2008/9/17,1.238,1.252,1.202,1.215,,2017/8/9
2008/8/17,1.233,1.241,1.22,1.236,,2017/8/8
2008/7/17,1.236,1.246,1.218,1.236,,2017/8/7
2008/4/17,1.22,1.278,1.208,1.236,,2017/8/4
2008/3/17,1.223,1.309,1.21,1.221,,2017/8/3
2008/2/17,1.223,1.254,1.21,1.228,,2017/8/2
2008/1/17,1.226,1.234,1.216,1.221,,2017/8/1
07/31/17,1.213,1.239,1.208,1.228,,2017/7/31
07/28/17,1.234,1.249,1.205,1.221,,2017/7/28
07/27/17,1.229,1.26,1.216,1.231,,2017/7/27
07/26/17,1.244,1.252,1.224,1.231,,2017/7/26
07/25/17,1.237,1.257,1.226,1.252,,2017/7/25
07/24/17,1.221,1.242,1.208,1.234,,2017/7/24
07/21/17,1.218,1.237,1.206,1.218,,2017/7/21
07/20/17,1.226,1.255,1.213,1.229,,2017/7/20
07/19/17,1.19,1.263,1.19,1.224,,2017/7/19
07/18/17,1.205,1.223,1.192,1.21,,2017/7/18
07/17/17,1.207,1.225,1.189,1.207,,2017/7/17
07/14/17,1.215,1.218,1.184,1.205,,2017/7/14
07/13/17,1.202,1.22,1.192,1.21,,2017/7/13
2007/12/17,1.205,1.218,1.189,1.194,,
2007/11/17,1.215,1.241,1.194,1.202,,
2007/10/17,1.215,1.233,1.2,1.218,,
2007/7/17,1.226,1.244,1.213,1.228,,
2007/6/17,1.234,1.265,1.223,1.234,,
2007/5/17,1.254,1.257,1.228,1.236,,
2007/3/17,1.236,1.262,1.231,1.247,,
06/30/17,1.231,1.247,1.213,1.234,,2017/6/30
06/29/17,1.216,1.236,1.21,1.224,,2017/6/29
06/28/17,1.224,1.231,1.203,1.221,,2017/6/28
06/27/17,1.208,1.226,1.2,1.213,,2017/6/27
06/26/17,1.211,1.229,1.2,1.211,,2017/6/26
06/23/17,1.213,1.234,1.2,1.213,,2017/6/23
06/22/17,1.226,1.232,1.206,1.229,,2017/6/22
06/21/17,1.211,1.258,1.208,1.224,,2017/6/21
06/20/17,1.215,1.241,1.202,1.223,,2017/6/20
06/19/17,1.192,1.225,1.189,1.215,,2017/6/19
06/16/17,1.21,1.215,1.189,1.207,,2017/6/16
06/15/17,1.2,1.215,1.189,1.207,,2017/6/15
06/14/17,1.215,1.223,1.145,1.189,,2017/6/14
06/13/17,1.205,1.22,1.197,1.21,,2017/6/13
2006/12/17,1.197,1.22,1.184,1.208,,
2006/9/17,1.182,1.21,1.171,1.2,,
2006/8/17,1.174,1.195,1.164,1.182,,
2006/7/17,1.161,1.182,1.153,1.171,,
2006/6/17,1.164,1.174,1.143,1.164,,
2006/5/17,1.161,1.177,1.151,1.177,,
2006/2/17,1.161,1.169,1.135,1.161,,
2006/1/17,1.164,1.179,1.156,1.161,,
05/31/17,1.159,1.169,1.148,1.156,,2017/5/31
05/30/17,1.156,1.177,1.146,1.161,,2017/5/30
05/26/17,1.167,1.172,1.151,1.169,,2017/5/26
05/25/17,1.161,1.177,1.149,1.161,,2017/5/25
05/24/17,1.159,1.198,1.154,1.164,,2017/5/24
05/23/17,1.109,1.15,1.096,1.14,,2017/5/23
05/22/17,1.099,1.114,1.085,1.111,,2017/5/22
05/19/17,1.083,1.106,1.075,1.099,,2017/5/19
05/18/17,1.081,1.099,1.07,1.091,,2017/5/18
05/17/17,1.112,1.122,1.062,1.078,,2017/5/17
05/16/17,1.114,1.127,1.091,1.104,,2017/5/16
05/15/17,1.112,1.127,1.101,1.117,,2017/5/15
2005/12/17,1.13,1.143,1.099,1.112,,
2005/11/17,1.127,1.148,1.117,1.125,,
2005/10/17,1.13,1.143,1.109,1.122,,
2005/9/17,1.122,1.143,1.109,1.125,,
2005/8/17,1.104,1.133,1.094,1.127,,
2005/5/17,1.107,1.122,1.089,1.101,,
2005/4/17,1.094,1.122,1.083,1.112,,
2005/3/17,1.076,1.107,1.068,1.099,,
2005/2/17,1.084,1.097,1.065,1.078,,
2005/1/17,1.073,1.099,1.06,1.086,,
04/28/17,1.065,1.086,1.06,1.076,,2017/4/28
04/27/17,1.079,1.081,1.055,1.068,,2017/4/27
04/26/17,1.063,1.097,1.058,1.068,,2017/4/26
04/25/17,1.018,1.044,1.013,1.036,,2017/4/25
04/24/17,0.985,1.039,0.985,1.016,,2017/4/24
04/21/17,0.995,1.008,0.969,0.977,,2017/4/21
04/20/17,1.006,1.029,0.988,0.995,,2017/4/20
04/19/17,1.006,1.031,0.998,1.016,,2017/4/19
04/18/17,1.029,1.034,1.003,1.016,,2017/4/18
04/17/17,1.021,1.037,1.018,1.029,,2017/4/17
04/13/17,1.034,1.039,1.008,1.024,,2017/4/13
2004/12/17,1.052,1.058,1.019,1.021,,
2004/11/17,1.06,1.07,1.032,1.047,,
2004/10/17,1.065,1.078,1.055,1.068,,
2004/7/17,1.037,1.081,1.021,1.063,,
2004/6/17,1.024,1.052,1.019,1.032,,
2004/5/17,1.029,1.04,1.014,1.027,,
2004/4/17,1.016,1.042,1.003,1.032,,
2004/3/17,1.027,1.04,1.009,1.019,,
03/31/17,1.034,1.045,1.019,1.024,,2017/3/31
03/30/17,1.045,1.053,1.024,1.037,,2017/3/30
03/29/17,1.018,1.066,0.985,1.053,,2017/3/29
03/28/17,0.985,1.035,0.972,1.035,,2017/3/28
03/27/17,0.977,0.995,0.964,0.99,,2017/3/27
03/24/17,0.972,0.987,0.962,0.987,,2017/3/24
03/23/17,0.977,0.99,0.962,0.967,,2017/3/23
03/22/17,0.985,0.993,0.962,0.975,,2017/3/22
03/21/17,1.003,1.003,0.977,0.982,,2017/3/21
03/20/17,0.99,1.008,0.98,0.993,,2017/3/20
03/17/17,0.995,1.013,0.99,0.998,,2017/3/17
03/16/17,1.019,1.039,0.99,0.998,,2017/3/16
03/15/17,1.052,1.07,1.008,1.011,,2017/3/15
03/14/17,1.058,1.07,1.039,1.055,,2017/3/14
03/13/17,1.042,1.071,1.029,1.068,,2017/3/13
2003/10/17,1.039,1.05,1.026,1.034,,
2003/9/17,1.019,1.045,1.019,1.045,,
2003/8/17,1.006,1.034,0.993,1.032,,
2003/7/17,0.98,1.009,0.97,1.006,,
2003/6/17,0.967,0.996,0.96,0.978,,
2003/3/17,0.978,0.991,0.949,0.978,,
2003/2/17,0.926,0.996,0.913,0.973,,
2003/1/17,0.892,0.936,0.887,0.929,,
02/28/17,0.781,0.843,0.773,0.828,,2017/2/28
02/27/17,0.776,0.802,0.771,0.784,,2017/2/27
02/24/17,0.789,0.799,0.771,0.779,,2017/2/24
02/23/17,0.802,0.815,0.781,0.792,,2017/2/23
02/22/17,0.807,0.82,0.784,0.799,,2017/2/22
02/21/17,0.802,0.828,0.792,0.804,,2017/2/21
02/17/17,0.807,0.817,0.794,0.804,,2017/2/17
02/16/17,0.833,0.843,0.787,0.797,,2017/2/16
02/15/17,0.838,0.848,0.823,0.838,,2017/2/15
02/14/17,0.81,0.861,0.799,0.828,,2017/2/14
02/13/17,0.805,0.825,0.794,0.799,,2017/2/13
2002/10/17,0.797,0.81,0.787,0.805,,
2002/9/17,0.789,0.807,0.771,0.805,,
2002/8/17,0.797,0.8,0.769,0.787,,
2002/7/17,0.797,0.807,0.782,0.789,,
2002/6/17,0.815,0.82,0.782,0.792,,
2002/3/17,0.823,0.833,0.797,0.813,,
2002/2/17,0.833,0.841,0.813,0.831,,
2002/1/17,0.838,0.877,0.826,0.831,,
01/31/17,0.784,0.794,0.755,0.763,,2017/1/31
01/30/17,0.799,0.804,0.771,0.781,,2017/1/30
01/27/17,0.794,0.807,0.784,0.789,,2017/1/27
01/26/17,0.797,0.815,0.786,0.786,,2017/1/26
01/25/17,0.786,0.812,0.781,0.799,,2017/1/25
01/24/17,0.774,0.804,0.738,0.797,,2017/1/24
01/23/17,0.802,0.812,0.761,0.771,,2017/1/23
01/20/17,0.81,0.83,0.786,0.794,,2017/1/20
01/19/17,0.805,0.825,0.797,0.807,,2017/1/19
01/18/17,0.797,0.818,0.774,0.81,,2017/1/18
01/17/17,0.799,0.81,0.776,0.787,,2017/1/17
01/15/17,0.802,0.802,0.802,0.807,,2017/1/15
01/13/17,0.807,0.825,0.794,0.802,,2017/1/13
2001/12/17,0.81,0.823,0.781,0.807,,
2001/11/17,0.815,0.828,0.797,0.812,,
2001/10/17,0.81,0.828,0.792,0.813,,
2001/9/17,0.841,0.851,0.8,0.815,,
2001/6/17,0.831,0.859,0.823,0.849,,
2001/5/17,0.869,0.877,0.828,0.833,,
2001/4/17,0.846,0.898,0.846,0.867,,
2001/3/17,0.825,0.869,0.809,0.869,,
2001/1/17,0.825,0.825,0.825,0.825,,
12/30/16,0.822,0.83,0.807,0.825,,2016/12/30
12/29/16,0.866,0.874,0.812,0.825,,2016/12/29
12/28/16,0.869,0.884,0.859,0.869,,2016/12/28
12/27/16,0.864,0.882,0.848,0.866,,2016/12/27
12/23/16,0.859,0.874,0.853,0.856,,2016/12/23
12/22/16,0.869,0.879,0.848,0.859,,2016/12/22
12/21/16,0.892,0.895,0.861,0.874,,2016/12/21
12/20/16,0.89,0.897,0.877,0.89,,2016/12/20
12/19/16,0.892,0.897,0.872,0.884,,2016/12/19
12/16/16,0.905,0.913,0.874,0.895,,2016/12/16
12/15/16,0.915,0.934,0.89,0.903,,2016/12/15
12/14/16,0.874,0.926,0.851,0.916,,2016/12/14
12/13/16,0.851,0.89,0.849,0.877,,2016/12/13
2012/12/16,0.856,0.877,0.843,0.856,,
2012/9/16,0.841,0.874,0.828,0.862,,
2012/8/16,0.841,0.862,0.831,0.854,,
2012/7/16,0.794,0.864,0.794,0.838,,
2012/6/16,0.797,0.833,0.781,0.833,,
2012/5/16,0.776,0.815,0.773,0.799,,
2012/2/16,0.784,0.797,0.766,0.768,,
2012/1/16,0.781,0.81,0.768,0.794,,
11/30/16,0.776,0.794,0.763,0.784,,2016/11/30
11/29/16,0.781,0.789,0.753,0.766,,2016/11/29
11/28/16,0.784,0.802,0.766,0.779,,2016/11/28
11/25/16,0.779,0.802,0.774,0.789,,2016/11/25
11/23/16,0.769,0.797,0.756,0.787,,2016/11/23
11/22/16,0.771,0.774,0.753,0.758,,2016/11/22
11/21/16,0.761,0.774,0.746,0.766,,2016/11/21
11/18/16,0.774,0.779,0.746,0.758,,2016/11/18
11/17/16,0.751,0.769,0.743,0.761,,2016/11/17
11/16/16,0.763,0.779,0.74,0.756,,2016/11/16
11/15/16,0.771,0.784,0.753,0.766,,2016/11/15
11/14/16,0.722,0.779,0.722,0.779,,2016/11/14
2011/10/16,0.72,0.738,0.705,0.717,,
2011/9/16,0.658,0.738,0.633,0.715,,
2011/8/16,0.622,0.699,0.617,0.699,,
2011/7/16,0.671,0.673,0.602,0.62,,
2011/4/16,0.63,0.645,0.599,0.609,,
2011/3/16,0.635,0.65,0.625,0.632,,
2011/2/16,0.648,0.663,0.627,0.632,,
2011/1/16,0.65,0.668,0.635,0.653,,
10/31/16,0.65,0.666,0.64,0.653,,2016/10/31
10/28/16,0.666,0.679,0.643,0.653,,2016/10/28
10/27/16,0.655,0.684,0.653,0.666,,2016/10/27
10/26/16,0.658,0.676,0.653,0.658,,2016/10/26
10/25/16,0.658,0.673,0.645,0.655,,2016/10/25
10/24/16,0.65,0.668,0.643,0.65,,2016/10/24
10/21/16,0.653,0.663,0.63,0.658,,2016/10/21
10/20/16,0.64,0.666,0.63,0.65,,2016/10/20
10/19/16,0.65,0.663,0.604,0.638,,2016/10/19
10/18/16,0.653,0.668,0.635,0.653,,2016/10/18
10/17/16,0.666,0.671,0.64,0.653,,2016/10/17
10/14/16,0.663,0.684,0.643,0.668,,2016/10/14
10/13/16,0.692,0.694,0.65,0.658,,2016/10/13
2010/12/16,0.681,0.707,0.679,0.694,,
2010/11/16,0.637,0.679,0.635,0.679,,
2010/7/16,0.643,0.658,0.627,0.632,,
2010/6/16,0.635,0.653,0.627,0.648,,
2010/5/16,0.627,0.658,0.622,0.648,,
2010/4/16,0.612,0.648,0.597,0.632,,
2010/3/16,0.594,0.63,0.586,0.622,,
09/30/16,0.581,0.604,0.571,0.602,,2016/9/30
09/29/16,0.591,0.604,0.566,0.584,,2016/9/29
09/28/16,0.579,0.602,0.571,0.586,,2016/9/28
09/27/16,0.581,0.597,0.568,0.586,,2016/9/27
09/26/16,0.584,0.591,0.563,0.579,,2016/9/26
09/23/16,0.586,0.599,0.568,0.581,,2016/9/23
09/22/16,0.607,0.627,0.576,0.589,,2016/9/22
09/21/16,0.615,0.648,0.599,0.612,,2016/9/21
09/20/16,0.612,0.632,0.599,0.609,,2016/9/20
09/19/16,0.612,0.63,0.597,0.615,,2016/9/19
09/16/16,0.602,0.622,0.594,0.609,,2016/9/16
09/15/16,0.62,0.633,0.586,0.599,,2016/9/15
09/14/16,0.63,0.65,0.615,0.622,,2016/9/14
09/13/16,0.563,0.589,0.558,0.581,,2016/9/13
2009/12/16,0.568,0.584,0.553,0.571,,
2009/9/16,0.576,0.589,0.558,0.573,,
2009/8/16,0.558,0.581,0.553,0.568,,
2009/7/16,0.553,0.581,0.545,0.568,,
2009/6/16,0.591,0.599,0.55,0.555,,
2009/2/16,0.597,0.609,0.568,0.581,,
2009/1/16,0.599,0.609,0.581,0.589,,
08/31/16,0.599,0.607,0.576,0.591,,2016/8/31
08/30/16,0.607,0.617,0.586,0.589,,2016/8/30
08/29/16,0.612,0.622,0.597,0.612,,2016/8/29
08/26/16,0.581,0.617,0.574,0.612,,2016/8/26
08/25/16,0.581,0.602,0.574,0.591,,2016/8/25
08/24/16,0.586,0.597,0.571,0.594,,2016/8/24
08/23/16,0.589,0.599,0.576,0.594,,2016/8/23
08/22/16,0.589,0.604,0.571,0.586,,2016/8/22
08/19/16,0.568,0.602,0.566,0.589,,2016/8/19
08/18/16,0.586,0.597,0.568,0.576,,2016/8/18
08/17/16,0.579,0.607,0.576,0.589,,2016/8/17
08/16/16,0.545,0.579,0.532,0.579,,2016/8/16
08/15/16,0.543,0.558,0.53,0.548,,2016/8/15
2008/12/16,0.545,0.563,0.527,0.55,,
2008/11/16,0.532,0.558,0.527,0.55,,
2008/10/16,0.545,0.563,0.527,0.535,,
2008/9/16,0.553,0.571,0.535,0.54,,
2008/8/16,0.548,0.571,0.532,0.555,,
2008/5/16,0.504,0.561,0.491,0.555,,
2008/4/16,0.507,0.517,0.489,0.512,,
2008/3/16,0.499,0.52,0.491,0.507,,
2008/2/16,0.494,0.512,0.486,0.502,,
2008/1/16,0.497,0.512,0.484,0.497,,
07/29/16,0.52,0.525,0.484,0.497,,2016/7/29
07/28/16,0.532,0.545,0.509,0.522,,2016/7/28
07/27/16,0.556,0.561,0.517,0.535,,2016/7/27
07/26/16,0.55,0.563,0.53,0.553,,2016/7/26
07/25/16,0.538,0.561,0.527,0.548,,2016/7/25
07/22/16,0.532,0.553,0.52,0.545,,2016/7/22
07/21/16,0.558,0.566,0.535,0.54,,2016/7/21
07/20/16,0.556,0.566,0.538,0.556,,2016/7/20
07/19/16,0.509,0.553,0.491,0.553,,2016/7/19
07/18/16,0.496,0.522,0.489,0.512,,2016/7/18
07/15/16,0.517,0.527,0.494,0.499,,2016/7/15
07/14/16,0.502,0.527,0.491,0.52,,2016/7/14
07/13/16,0.504,0.512,0.486,0.504,,2016/7/13
2007/12/16,0.497,0.517,0.481,0.507,,
2007/11/16,0.463,0.507,0.458,0.499,,
2007/8/16,0.453,0.497,0.438,0.471,,
2007/7/16,0.451,0.471,0.44,0.461,,
2007/6/16,0.435,0.469,0.422,0.458,,
2007/5/16,0.453,0.453,0.425,0.438,,
2007/1/16,0.44,0.463,0.42,0.458,,
06/30/16,0.453,0.469,0.433,0.448,,2016/6/30
06/29/16,0.446,0.466,0.433,0.463,,2016/6/29
06/28/16,0.451,0.476,0.428,0.443,,2016/6/28
06/27/16,0.476,0.481,0.422,0.451,,2016/6/27
06/24/16,0.581,0.584,0.407,0.479,,2016/6/24
06/23/16,0.556,0.594,0.517,0.584,,2016/6/23
06/22/16,0.566,0.589,0.55,0.558,,2016/6/22
06/21/16,0.54,0.576,0.52,0.576,,2016/6/21
06/20/16,0.504,0.55,0.499,0.537,,2016/6/20
06/17/16,0.499,0.517,0.486,0.504,,2016/6/17
06/16/16,0.54,0.54,0.494,0.497,,2016/6/16
06/15/16,0.54,0.566,0.497,0.514,,2016/6/15
06/14/16,0.535,0.553,0.525,0.545,,2016/6/14
06/13/16,0.545,0.561,0.527,0.537,,2016/6/13
2006/10/16,0.571,0.581,0.545,0.553,,
2006/9/16,0.579,0.589,0.561,0.581,,
2006/8/16,0.581,0.597,0.563,0.581,,
2006/7/16,0.594,0.602,0.571,0.591,,
2006/6/16,0.589,0.615,0.574,0.597,,
2006/3/16,0.676,0.681,0.579,0.594,,
2006/2/16,0.684,0.694,0.668,0.684,,
2006/1/16,0.676,0.697,0.663,0.686,,
05/31/16,0.684,0.697,0.663,0.681,,2016/5/31
05/27/16,0.653,0.684,0.648,0.681,,2016/5/27
05/26/16,0.676,0.681,0.64,0.65,,2016/5/26
05/25/16,0.679,0.71,0.668,0.686,,2016/5/25
05/24/16,0.655,0.679,0.632,0.679,,2016/5/24
05/23/16,0.635,0.671,0.627,0.655,,2016/5/23
05/20/16,0.62,0.653,0.591,0.643,,2016/5/20
05/19/16,0.614,0.637,0.607,0.627,,2016/5/19
05/18/16,0.568,0.63,0.561,0.625,,2016/5/18
05/17/16,0.545,0.573,0.532,0.563,,2016/5/17
05/16/16,0.532,0.558,0.52,0.543,,2016/5/16
05/13/16,0.53,0.548,0.509,0.527,,2016/5/13
2005/12/16,0.512,0.54,0.504,0.527,,
2005/11/16,0.509,0.527,0.502,0.52,,
2005/10/16,0.497,0.525,0.494,0.507,,
2005/9/16,0.509,0.525,0.489,0.499,,
2005/6/16,0.509,0.525,0.481,0.515,,
2005/5/16,0.512,0.53,0.499,0.517,,
2005/4/16,0.53,0.545,0.509,0.517,,
2005/3/16,0.556,0.558,0.52,0.538,,
2005/2/16,0.556,0.568,0.545,0.553,,
04/29/16,0.563,0.571,0.55,0.558,,2016/4/29
04/28/16,0.581,0.584,0.55,0.566,,2016/4/28
04/27/16,0.604,0.625,0.576,0.584,,2016/4/27
04/26/16,0.543,0.568,0.535,0.548,,2016/4/26
04/25/16,0.537,0.553,0.53,0.537,,2016/4/25
04/22/16,0.537,0.555,0.525,0.548,,2016/4/22
04/21/16,0.507,0.553,0.502,0.54,,2016/4/21
04/20/16,0.512,0.527,0.494,0.52,,2016/4/20
04/19/16,0.509,0.53,0.504,0.514,,2016/4/19
04/18/16,0.517,0.53,0.502,0.512,,2016/4/18
04/15/16,0.538,0.548,0.512,0.514,,2016/4/15
04/14/16,0.53,0.555,0.522,0.535,,2016/4/14
04/13/16,0.525,0.548,0.522,0.54,,2016/4/13
2004/12/16,0.512,0.54,0.502,0.53,,
2004/11/16,0.52,0.54,0.499,0.522,,
2004/8/16,0.527,0.543,0.504,0.525,,
2004/7/16,0.553,0.558,0.522,0.532,,
2004/6/16,0.553,0.574,0.543,0.556,,
2004/5/16,0.594,0.597,0.55,0.561,,
2004/4/16,0.607,0.617,0.581,0.589,,
2004/1/16,0.592,0.625,0.581,0.607,,
03/31/16,0.617,0.638,0.586,0.592,,2016/3/31
03/30/16,0.622,0.638,0.607,0.62,,2016/3/30
03/29/16,0.625,0.64,0.573,0.62,,2016/3/29
03/28/16,0.612,0.637,0.609,0.627,,2016/3/28
03/24/16,0.617,0.627,0.604,0.617,,2016/3/24
03/23/16,0.617,0.632,0.599,0.62,,2016/3/23
03/22/16,0.617,0.627,0.597,0.627,,2016/3/22
03/21/16,0.62,0.635,0.602,0.612,,2016/3/21
03/18/16,0.64,0.653,0.604,0.607,,2016/3/18
03/17/16,0.64,0.653,0.607,0.643,,2016/3/17
03/16/16,0.697,0.735,0.638,0.648,,2016/3/16
03/15/16,0.697,0.71,0.679,0.699,,2016/3/15
03/14/16,0.697,0.715,0.681,0.699,,2016/3/14
2003/11/16,0.673,0.704,0.668,0.699,,
2003/10/16,0.663,0.686,0.645,0.676,,
2003/9/16,0.658,0.684,0.65,0.671,,
2003/8/16,0.674,0.679,0.643,0.663,,
2003/7/16,0.663,0.684,0.648,0.676,,
2003/4/16,0.658,0.681,0.643,0.671,,
2003/3/16,0.668,0.676,0.648,0.666,,
2003/2/16,0.639,0.697,0.639,0.671,,
2003/1/16,0.603,0.668,0.598,0.668,,
02/29/16,0.575,0.616,0.565,0.606,,2016/2/29
02/26/16,0.534,0.596,0.531,0.578,,2016/2/26
02/25/16,0.542,0.554,0.526,0.539,,2016/2/25
02/24/16,0.536,0.552,0.516,0.544,,2016/2/24
02/23/16,0.536,0.56,0.526,0.544,,2016/2/23
02/22/16,0.518,0.554,0.511,0.531,,2016/2/22
02/19/16,0.518,0.539,0.506,0.526,,2016/2/19
02/18/16,0.521,0.536,0.511,0.516,,2016/2/18
02/17/16,0.501,0.534,0.49,0.526,,2016/2/17
02/16/16,0.488,0.511,0.483,0.493,,2016/2/16
2002/12/16,0.48,0.511,0.467,0.49,,
2002/11/16,0.513,0.519,0.426,0.477,,
2002/10/16,0.513,0.536,0.501,0.519,,
2002/9/16,0.508,0.521,0.493,0.516,,
2002/8/16,0.537,0.542,0.495,0.516,,
2002/5/16,0.526,0.557,0.516,0.544,,
2002/4/16,0.539,0.547,0.511,0.519,,
2002/3/16,0.539,0.573,0.524,0.544,,
2002/2/16,0.477,0.485,0.457,0.472,,
2002/1/16,0.447,0.485,0.444,0.475,,
01/29/16,0.457,0.465,0.426,0.459,,2016/1/29
01/28/16,0.454,0.467,0.439,0.46,,2016/1/28
01/27/16,0.467,0.482,0.434,0.46,,2016/1/27
01/26/16,0.452,0.485,0.436,0.472,,2016/1/26
01/25/16,0.454,0.47,0.424,0.447,,2016/1/25
01/22/16,0.444,0.47,0.431,0.467,,2016/1/22
01/21/16,0.424,0.467,0.413,0.447,,2016/1/21
01/20/16,0.467,0.477,0.406,0.426,,2016/1/20
01/19/16,0.472,0.506,0.454,0.47,,2016/1/19
01/15/16,0.542,0.575,0.452,0.475,,2016/1/15
01/14/16,0.603,0.629,0.526,0.544,,2016/1/14
01/13/16,0.624,0.634,0.58,0.593,,2016/1/13
2001/12/16,0.621,0.647,0.609,0.619,,
2001/11/16,0.634,0.639,0.601,0.624,,
2001/8/16,0.647,0.681,0.624,0.632,,
2001/7/16,0.673,0.675,0.624,0.65,,
2001/6/16,0.691,0.696,0.66,0.67,,
2001/5/16,0.585,0.593,0.549,0.559,,
2001/4/16,0.611,0.616,0.57,0.583,,
12/31/15,0.616,0.626,0.596,0.621,,2015/12/31
12/30/15,0.649,0.649,0.596,0.606,,2015/12/30
12/29/15,0.649,0.657,0.629,0.657,,2015/12/29
12/28/15,0.621,0.662,0.611,0.639,,2015/12/28
12/24/15,0.624,0.637,0.608,0.611,,2015/12/24
12/23/15,0.634,0.647,0.611,0.626,,2015/12/23
12/22/15,0.65,0.655,0.621,0.647,,2015/12/22
12/21/15,0.652,0.675,0.632,0.655,,2015/12/21
12/18/15,0.68,0.693,0.639,0.655,,2015/12/18
12/17/15,0.696,0.709,0.652,0.678,,2015/12/17
12/16/15,0.688,0.704,0.67,0.699,,2015/12/16
12/15/15,0.681,0.712,0.673,0.688,,2015/12/15
12/14/15,0.665,0.714,0.665,0.678,,2015/12/14
2012/11/15,0.701,0.706,0.663,0.665,,
2012/10/15,0.709,0.719,0.688,0.704,,
2012/9/15,0.693,0.776,0.693,0.714,,
2012/8/15,0.657,0.74,0.647,0.74,,
2012/7/15,0.572,0.673,0.572,0.655,,
2012/4/15,0.552,0.593,0.539,0.583,,
2012/3/15,0.5,0.565,0.498,0.557,,
2012/2/15,0.48,0.516,0.475,0.506,,
2012/1/15,0.485,0.503,0.46,0.485,,
11/30/15,0.483,0.498,0.475,0.488,,2015/11/30
11/27/15,0.493,0.495,0.472,0.483,,2015/11/27
11/26/15,0.488,0.488,0.488,0.488,,2015/11/26
11/25/15,0.495,0.506,0.48,0.493,,2015/11/25
11/24/15,0.483,0.506,0.472,0.488,,2015/11/24
11/23/15,0.48,0.501,0.475,0.483,,2015/11/23
11/20/15,0.48,0.501,0.46,0.485,,2015/11/20
11/19/15,0.485,0.498,0.472,0.483,,2015/11/19
11/18/15,0.488,0.531,0.483,0.488,,2015/11/18
11/17/15,0.485,0.511,0.48,0.495,,2015/11/17
11/16/15,0.493,0.508,0.462,0.495,,2015/11/16
11/13/15,0.508,0.524,0.483,0.485,,2015/11/13
2011/12/15,0.495,0.539,0.493,0.521,,
2011/10/15,0.439,0.47,0.436,0.449,,
2011/9/15,0.444,0.467,0.421,0.442,,
2011/6/15,0.398,0.472,0.388,0.436,,
2011/5/15,0.383,0.411,0.37,0.393,,
2011/4/15,0.36,0.395,0.352,0.38,,
2011/3/15,0.352,0.38,0.342,0.365,,
2011/2/15,0.331,0.37,0.326,0.349,,
10/30/15,0.308,0.347,0.306,0.337,,2015/10/30
10/29/15,0.319,0.334,0.303,0.321,,2015/10/29
10/28/15,0.28,0.344,0.273,0.326,,2015/10/28
10/27/15,0.247,0.296,0.245,0.278,,2015/10/27
10/26/15,0.234,0.26,0.222,0.25,,2015/10/26
10/23/15,0.224,0.252,0.216,0.247,,2015/10/23
10/22/15,0.227,0.234,0.204,0.219,,2015/10/22
10/21/15,0.229,0.234,0.204,0.222,,2015/10/21
10/20/15,0.224,0.239,0.211,0.227,,2015/10/20
10/19/15,0.216,0.239,0.206,0.219,,2015/10/19
10/16/15,0.216,0.232,0.209,0.222,,2015/10/16
10/15/15,0.214,0.234,0.201,0.209,,2015/10/15
10/14/15,0.234,0.242,0.204,0.204,,2015/10/14
10/13/15,0.255,0.257,0.234,0.237,,2015/10/13
2010/9/15,0.245,0.265,0.237,0.257,,
2010/8/15,0.247,0.26,0.227,0.25,,
2010/7/15,0.239,0.268,0.219,0.252,,
2010/6/15,0.237,0.252,0.214,0.227,,
2010/5/15,0.237,0.25,0.219,0.242,,
2010/2/15,0.298,0.306,0.204,0.237,,
2010/1/15,0.321,0.326,0.278,0.301,,
09/30/15,0.329,0.332,0.293,0.316,,2015/9/30
09/29/15,0.326,0.337,0.303,0.324,,2015/9/29
09/28/15,0.332,0.342,0.311,0.321,,2015/9/28
09/25/15,0.319,0.362,0.316,0.329,,2015/9/25
09/24/15,0.337,0.342,0.308,0.316,,2015/9/24
09/23/15,0.339,0.349,0.329,0.332,,2015/9/23
09/22/15,0.357,0.362,0.334,0.357,,2015/9/22
09/21/15,0.349,0.365,0.344,0.352,,2015/9/21
09/18/15,0.375,0.393,0.332,0.344,,2015/9/18
09/17/15,0.467,0.483,0.36,0.365,,2015/9/17
09/16/15,0.47,0.483,0.455,0.465,,2015/9/16
09/15/15,0.38,0.475,0.38,0.475,,2015/9/15
09/14/15,0.367,0.395,0.362,0.383,,2015/9/14
2009/11/15,0.378,0.388,0.352,0.378,,
2009/10/15,0.372,0.375,0.347,0.372,,
2009/9/15,0.37,0.385,0.354,0.365,,
2009/8/15,0.342,0.378,0.342,0.365,,
2009/4/15,0.342,0.38,0.334,0.347,,
2009/3/15,0.347,0.357,0.329,0.337,,
2009/2/15,0.37,0.38,0.344,0.352,,
2009/1/15,0.385,0.388,0.347,0.372,,
08/31/15,0.372,0.396,0.36,0.383,,2015/8/31
08/28/15,0.357,0.385,0.342,0.367,,2015/8/28
08/27/15,0.342,0.367,0.339,0.349,,2015/8/27
08/26/15,0.339,0.36,0.337,0.349,,2015/8/26
08/25/15,0.332,0.36,0.324,0.332,,2015/8/25
08/24/15,0.357,0.367,0.324,0.326,,2015/8/24
08/21/15,0.383,0.39,0.344,0.354,,2015/8/21
08/20/15,0.393,0.403,0.365,0.38,,2015/8/20
08/19/15,0.413,0.431,0.383,0.39,,2015/8/19
08/18/15,0.375,0.411,0.367,0.411,,2015/8/18
08/17/15,0.383,0.39,0.362,0.378,,2015/8/17
08/14/15,0.38,0.393,0.365,0.388,,2015/8/14
08/13/15,0.354,0.39,0.349,0.375,,2015/8/13
2008/12/15,0.362,0.367,0.331,0.36,,
2008/11/15,0.38,0.38,0.344,0.36,,
2008/10/15,0.362,0.388,0.349,0.375,,
2008/7/15,0.339,0.375,0.332,0.372,,
2008/6/15,0.365,0.38,0.332,0.347,,
2008/5/15,0.36,0.383,0.347,0.37,,
2008/4/15,0.326,0.37,0.316,0.362,,
2008/3/15,0.319,0.332,0.303,0.321,,
07/31/15,0.347,0.354,0.314,0.319,,2015/7/31
07/30/15,0.326,0.38,0.319,0.349,,2015/7/30
07/29/15,0.321,0.334,0.306,0.324,,2015/7/29
07/28/15,0.314,0.329,0.308,0.321,,2015/7/28
07/27/15,0.321,0.326,0.298,0.311,,2015/7/27
07/24/15,0.334,0.342,0.306,0.319,,2015/7/24
07/23/15,0.342,0.344,0.314,0.329,,2015/7/23
07/22/15,0.337,0.349,0.319,0.347,,2015/7/22
07/21/15,0.285,0.334,0.28,0.334,,2015/7/21
07/20/15,0.262,0.296,0.255,0.288,,2015/7/20
07/17/15,0.252,0.273,0.252,0.26,,2015/7/17
07/16/15,0.25,0.27,0.245,0.257,,2015/7/16
07/15/15,0.255,0.268,0.234,0.245,,2015/7/15
07/14/15,0.255,0.262,0.237,0.25,,2015/7/14
07/13/15,0.252,0.268,0.245,0.257,,2015/7/13
2007/10/15,0.237,0.265,0.229,0.255,,
2007/9/15,0.222,0.239,0.219,0.234,,
2007/8/15,0.237,0.247,0.211,0.227,,
2007/7/15,0.237,0.247,0.224,0.237,,
2007/6/15,0.252,0.257,0.222,0.242,,
2007/2/15,0.278,0.283,0.239,0.252,,
2007/1/15,0.268,0.288,0.265,0.275,,
06/30/15,0.27,0.283,0.257,0.273,,2015/6/30
06/29/15,0.296,0.298,0.255,0.268,,2015/6/29
06/26/15,0.283,0.303,0.28,0.296,,2015/6/26
06/25/15,0.291,0.303,0.28,0.285,,2015/6/25
06/24/15,0.301,0.311,0.285,0.301,,2015/6/24
06/23/15,0.234,0.296,0.229,0.296,,2015/6/23
06/22/15,0.224,0.247,0.219,0.237,,2015/6/22
06/19/15,0.229,0.239,0.216,0.227,,2015/6/19
06/18/15,0.25,0.255,0.224,0.227,,2015/6/18
06/17/15,0.255,0.283,0.232,0.239,,2015/6/17
06/16/15,0.255,0.268,0.245,0.257,,2015/6/16
06/15/15,0.262,0.268,0.239,0.257,,2015/6/15
2006/12/15,0.265,0.278,0.252,0.265,,
2006/11/15,0.26,0.275,0.25,0.26,,
2006/10/15,0.257,0.275,0.25,0.265,,
2006/9/15,0.252,0.27,0.245,0.26,,
2006/8/15,0.268,0.275,0.25,0.265,,
2006/5/15,0.257,0.285,0.25,0.278,,
2006/4/15,0.255,0.268,0.247,0.257,,
2006/3/15,0.252,0.268,0.245,0.257,,
2006/2/15,0.25,0.263,0.239,0.25,,
2006/1/15,0.252,0.263,0.237,0.252,,
05/29/15,0.255,0.268,0.25,0.255,,2015/5/29
05/28/15,0.263,0.273,0.25,0.257,,2015/5/28
05/27/15,0.224,0.242,0.216,0.229,,2015/5/27
05/26/15,0.214,0.232,0.204,0.219,,2015/5/26
05/22/15,0.196,0.214,0.186,0.204,,2015/5/22
05/21/15,0.201,0.211,0.183,0.199,,2015/5/21
05/20/15,0.211,0.219,0.201,0.209,,2015/5/20
05/19/15,0.199,0.216,0.194,0.206,,2015/5/19
05/18/15,0.201,0.219,0.194,0.214,,2015/5/18
05/15/15,0.204,0.222,0.201,0.206,,2015/5/15
05/14/15,0.222,0.232,0.201,0.214,,2015/5/14
05/13/15,0.237,0.245,0.216,0.224,,2015/5/13
2005/12/15,0.237,0.245,0.224,0.234,,
2005/11/15,0.224,0.242,0.216,0.229,,
2005/8/15,0.242,0.247,0.222,0.224,,
2005/7/15,0.245,0.252,0.234,0.239,,
2005/6/15,0.237,0.25,0.229,0.242,,
2005/5/15,0.232,0.25,0.224,0.234,,
2005/4/15,0.237,0.245,0.227,0.237,,
2005/1/15,0.237,0.247,0.227,0.234,,
04/30/15,0.237,0.247,0.222,0.232,,2015/4/30
04/29/15,0.247,0.26,0.237,0.239,,2015/4/29
04/28/15,0.219,0.252,0.206,0.25,,2015/4/28
04/27/15,0.214,0.229,0.209,0.216,,2015/4/27
04/24/15,0.211,0.232,0.206,0.219,,2015/4/24
04/23/15,0.219,0.229,0.214,0.214,,2015/4/23
04/22/15,0.214,0.232,0.206,0.222,,2015/4/22
04/21/15,0.216,0.227,0.204,0.209,,2015/4/21
04/20/15,0.211,0.224,0.201,0.219,,2015/4/20
04/17/15,0.199,0.214,0.191,0.211,,2015/4/17
04/16/15,0.199,0.209,0.194,0.201,,2015/4/16
04/15/15,0.211,0.222,0.199,0.201,,2015/4/15
04/14/15,0.222,0.232,0.209,0.219,,2015/4/14
04/13/15,0.227,0.237,0.214,0.224,,2015/4/13
2004/10/15,0.224,0.234,0.216,0.229,,
2004/9/15,0.219,0.229,0.206,0.219,,
2004/8/15,0.214,0.229,0.209,0.224,,
2004/7/15,0.209,0.222,0.199,0.216,,
2004/6/15,0.209,0.224,0.194,0.206,,
2004/3/15,0.245,0.255,0.199,0.201,,
2004/2/15,0.245,0.255,0.234,0.239,,
2004/1/15,0.26,0.273,0.242,0.26,,
03/31/15,0.252,0.268,0.234,0.268,,2015/3/31
03/30/15,0.242,0.26,0.234,0.25,,2015/3/30
03/27/15,0.257,0.268,0.245,0.255,,2015/3/27
03/26/15,0.245,0.268,0.237,0.26,,2015/3/26
03/25/15,0.219,0.242,0.216,0.237,,2015/3/25
03/24/15,0.222,0.234,0.211,0.222,,2015/3/24
03/23/15,0.227,0.234,0.209,0.224,,2015/3/23
03/20/15,0.245,0.252,0.229,0.237,,2015/3/20
03/19/15,0.209,0.237,0.201,0.222,,2015/3/19
03/18/15,0.265,0.275,0.196,0.211,,2015/3/18
03/17/15,0.247,0.263,0.237,0.26,,2015/3/17
03/16/15,0.234,0.255,0.232,0.242,,2015/3/16
03/13/15,0.239,0.252,0.227,0.245,,2015/3/13
2003/12/15,0.239,0.247,0.224,0.242,,
2003/11/15,0.239,0.255,0.234,0.242,,
2003/10/15,0.247,0.252,0.229,0.242,,
2003/9/15,0.263,0.273,0.247,0.255,,
2003/6/15,0.239,0.27,0.229,0.257,,
2003/5/15,0.255,0.257,0.234,0.245,,
2003/4/15,0.208,0.28,0.208,0.257,,
2003/3/15,0.196,0.257,0.193,0.257,,
2003/2/15,0.193,0.206,0.185,0.198,,
02/27/15,0.203,0.213,0.193,0.198,,2015/2/27
02/26/15,0.193,0.208,0.183,0.196,,2015/2/26
02/25/15,0.193,0.201,0.183,0.19,,2015/2/25
02/24/15,0.208,0.226,0.196,0.203,,2015/2/24
02/23/15,0.216,0.224,0.201,0.211,,2015/2/23
02/20/15,0.213,0.224,0.196,0.211,,2015/2/20
02/19/15,0.206,0.221,0.193,0.216,,2015/2/19
02/18/15,0.226,0.239,0.203,0.208,,2015/2/18
02/17/15,0.229,0.236,0.213,0.224,,2015/2/17
02/13/15,0.231,0.241,0.221,0.229,,2015/2/13
2002/12/15,0.234,0.241,0.218,0.234,,
2002/11/15,0.236,0.241,0.224,0.234,,
2002/10/15,0.239,0.252,0.229,0.239,,
2002/9/15,0.244,0.254,0.236,0.241,,
2002/6/15,0.201,0.262,0.193,0.254,,
2002/5/15,0.198,0.208,0.183,0.196,,
2002/4/15,0.165,0.221,0.165,0.211,,
2002/3/15,0.155,0.203,0.15,0.203,,
2002/2/15,0.15,0.16,0.14,0.15,,
01/30/15,0.152,0.163,0.137,0.157,,2015/1/30
01/29/15,0.16,0.168,0.145,0.155,,2015/1/29
01/28/15,0.157,0.173,0.147,0.157,,2015/1/28
01/27/15,0.16,0.163,0.145,0.16,,2015/1/27
01/26/15,0.157,0.173,0.147,0.157,,2015/1/26
01/23/15,0.165,0.173,0.152,0.157,,2015/1/23
01/22/15,0.165,0.175,0.155,0.163,,2015/1/22
01/21/15,0.16,0.175,0.155,0.163,,2015/1/21
01/20/15,0.173,0.178,0.15,0.165,,2015/1/20
01/16/15,0.157,0.173,0.15,0.173,,2015/1/16
01/15/15,0.168,0.18,0.145,0.16,,2015/1/15
01/14/15,0.185,0.193,0.16,0.178,,2015/1/14
01/13/15,0.193,0.208,0.178,0.188,,2015/1/13
2001/12/15,0.198,0.208,0.175,0.191,,
2001/9/15,0.241,0.252,0.188,0.208,,
2001/8/15,0.254,0.259,0.229,0.239,,
2001/7/15,0.216,0.272,0.216,0.249,,
2001/6/15,0.218,0.257,0.193,0.257,,
2001/5/15,0.224,0.236,0.218,0.221,,
2001/2/15,0.221,0.241,0.218,0.224,,
12/31/14,0.206,0.229,0.193,0.229,,2014/12/31
12/30/14,0.224,0.231,0.193,0.201,,2014/12/30
12/29/14,0.239,0.249,0.213,0.221,,2014/12/29
12/26/14,0.246,0.254,0.229,0.241,,2014/12/26
12/24/14,0.244,0.257,0.229,0.246,,2014/12/24
12/23/14,0.259,0.275,0.236,0.252,,2014/12/23
12/22/14,0.254,0.269,0.244,0.257,,2014/12/22
12/19/14,0.236,0.262,0.236,0.254,,2014/12/19
12/18/14,0.224,0.252,0.213,0.246,,2014/12/18
12/17/14,0.203,0.231,0.193,0.226,,2014/12/17
12/16/14,0.198,0.216,0.193,0.206,,2014/12/16
12/15/14,0.196,0.211,0.188,0.201,,2014/12/15
2012/12/14,0.211,0.216,0.183,0.196,,
2012/11/14,0.221,0.221,0.203,0.213,,
2012/10/14,0.231,0.236,0.206,0.213,,
2012/9/14,0.155,0.18,0.145,0.165,,
2012/8/14,0.142,0.16,0.137,0.15,,
2012/5/14,0.124,0.155,0.124,0.15,,
2012/4/14,0.124,0.135,0.117,0.132,,
2012/3/14,0.129,0.135,0.112,0.127,,
2012/2/14,0.119,0.135,0.114,0.124,,
2012/1/14,0.122,0.129,0.112,0.122,,
11/28/14,0.127,0.135,0.119,0.124,,2014/11/28
11/26/14,0.127,0.14,0.117,0.129,,2014/11/26
11/25/14,0.129,0.14,0.122,0.129,,2014/11/25
11/24/14,0.127,0.137,0.119,0.124,,2014/11/24
11/21/14,0.127,0.14,0.119,0.129,,2014/11/21
11/20/14,0.137,0.14,0.119,0.132,,2014/11/20
11/19/14,0.137,0.147,0.129,0.135,,2014/11/19
11/18/14,0.15,0.155,0.127,0.135,,2014/11/18
11/17/14,0.15,0.157,0.137,0.145,,2014/11/17
11/14/14,0.145,0.16,0.14,0.152,,2014/11/14
11/13/14,0.109,0.163,0.109,0.147,,2014/11/13
2011/12/14,0.099,0.147,0.096,0.147,,
2011/10/14,0.102,0.114,0.099,0.102,,
2011/7/14,0.102,0.114,0.094,0.099,,
2011/6/14,0.102,0.112,0.094,0.104,,
2011/5/14,0.102,0.112,0.079,0.104,,
2011/4/14,0.099,0.114,0.094,0.099,,
2011/3/14,0.099,0.112,0.094,0.096,,
10/31/14,0.107,0.117,0.094,0.096,,2014/10/31
10/30/14,0.107,0.119,0.099,0.104,,2014/10/30
10/29/14,0.102,0.122,0.096,0.109,,2014/10/29
10/28/14,0.107,0.119,0.096,0.104,,2014/10/28
10/27/14,0.099,0.114,0.096,0.102,,2014/10/27
10/24/14,0.104,0.117,0.089,0.099,,2014/10/24
10/23/14,0.099,0.114,0.094,0.102,,2014/10/23
10/22/14,0.104,0.114,0.091,0.102,,2014/10/22
10/21/14,0.096,0.114,0.091,0.102,,2014/10/21
10/20/14,0.107,0.112,0.094,0.099,,2014/10/20
10/17/14,0.102,0.119,0.099,0.104,,2014/10/17
10/16/14,0.099,0.112,0.096,0.104,,2014/10/16
10/15/14,0.071,0.102,0.066,0.102,,2014/10/15
10/14/14,0.084,0.089,0.069,0.074,,2014/10/14
2010/10/14,0.089,0.094,0.081,0.089,,
2010/9/14,0.091,0.099,0.081,0.086,,
2010/8/14,0.094,0.102,0.081,0.094,,
2010/7/14,0.094,0.102,0.076,0.091,,
2010/6/14,0.102,0.107,0.086,0.091,,
2010/3/14,0.099,0.109,0.079,0.102,,
2010/2/14,0.094,0.099,0.084,0.096,,
2010/1/14,0.104,0.112,0.081,0.099,,
09/30/14,0.102,0.112,0.091,0.102,,2014/9/30
09/29/14,0.102,0.112,0.091,0.104,,2014/9/29
09/26/14,0.096,0.107,0.089,0.099,,2014/9/26
09/25/14,0.096,0.114,0.091,0.099,,2014/9/25
09/24/14,0.096,0.114,0.091,0.099,,2014/9/24
09/23/14,0.102,0.129,0.096,0.099,,2014/9/23
09/22/14,0.109,0.122,0.102,0.104,,2014/9/22
09/19/14,0.119,0.129,0.109,0.117,,2014/9/19
09/18/14,0.127,0.15,0.117,0.124,,2014/9/18
09/17/14,0.127,0.142,0.122,0.135,,2014/9/17
09/16/14,0.094,0.129,0.086,0.129,,2014/9/16
09/15/14,0.091,0.104,0.086,0.091,,2014/9/15
2009/12/14,0.099,0.107,0.086,0.094,,
2009/11/14,0.102,0.114,0.086,0.096,,
2009/10/14,0.102,0.112,0.089,0.099,,
2009/9/14,0.094,0.109,0.089,0.099,,
2009/8/14,0.096,0.099,0.086,0.091,,
2009/5/14,0.094,0.107,0.084,0.094,,
2009/4/14,0.096,0.102,0.084,0.102,,
2009/3/14,0.096,0.109,0.086,0.094,,
2009/2/14,0.094,0.109,0.086,0.094,,
08/29/14,0.102,0.104,0.086,0.096,,2014/8/29
08/28/14,0.099,0.109,0.084,0.094,,2014/8/28
08/27/14,0.104,0.112,0.091,0.102,,2014/8/27
08/26/14,0.102,0.112,0.096,0.102,,2014/8/26
08/25/14,0.107,0.114,0.096,0.104,,2014/8/25
08/22/14,0.109,0.119,0.096,0.112,,2014/8/22
08/21/14,0.114,0.122,0.096,0.107,,2014/8/21
08/20/14,0.109,0.127,0.099,0.119,,2014/8/20
08/19/14,0.084,0.107,0.076,0.107,,2014/8/19
08/18/14,0.084,0.096,0.076,0.086,,2014/8/18
08/15/14,0.081,0.096,0.076,0.089,,2014/8/15
08/14/14,0.084,0.094,0.074,0.089,,2014/8/14
08/13/14,0.099,0.107,0.081,0.091,,2014/8/13
2008/12/14,0.096,0.109,0.086,0.096,,
2008/11/14,0.096,0.104,0.089,0.091,,
2008/8/14,0.096,0.107,0.084,0.096,,
2008/7/14,0.099,0.109,0.086,0.094,,
2008/6/14,0.102,0.114,0.091,0.104,,
2008/5/14,0.102,0.119,0.099,0.104,,
2008/4/14,0.107,0.117,0.099,0.104,,
2008/1/14,0.112,0.122,0.096,0.119,,
07/31/14,0.117,0.132,0.104,0.119,,2014/7/31
07/30/14,0.112,0.127,0.104,0.114,,2014/7/30
07/29/14,0.112,0.117,0.102,0.109,,2014/7/29
07/28/14,0.114,0.117,0.094,0.109,,2014/7/28
07/25/14,0.112,0.119,0.104,0.114,,2014/7/25
07/24/14,0.112,0.122,0.096,0.109,,2014/7/24
07/23/14,0.112,0.122,0.089,0.109,,2014/7/23
07/22/14,0.091,0.114,0.076,0.112,,2014/7/22
07/21/14,0.089,0.102,0.081,0.089,,2014/7/21
07/18/14,0.086,0.099,0.079,0.091,,2014/7/18
07/17/14,0.096,0.104,0.079,0.084,,2014/7/17
07/16/14,0.096,0.109,0.089,0.099,,2014/7/16
07/15/14,0.096,0.107,0.086,0.096,,2014/7/15
07/14/14,0.089,0.107,0.086,0.091,,2014/7/14
2007/11/14,0.094,0.102,0.084,0.094,,
2007/10/14,0.102,0.104,0.086,0.091,,
2007/9/14,0.096,0.109,0.086,0.096,,
2007/8/14,0.107,0.107,0.089,0.091,,
2007/7/14,0.104,0.119,0.094,0.104,,
2007/3/14,0.109,0.117,0.099,0.102,,
2007/2/14,0.109,0.119,0.102,0.104,,
2007/1/14,0.104,0.114,0.099,0.107,,
06/30/14,0.107,0.119,0.099,0.109,,2014/6/30
06/27/14,0.104,0.109,0.094,0.104,,2014/6/27
06/26/14,0.102,0.117,0.089,0.102,,2014/6/26
06/25/14,0.109,0.122,0.096,0.114,,2014/6/25
06/24/14,0.025,0.112,0.025,0.112,,2014/6/24
06/23/14,0.081,0.096,0.076,0.084,,2014/6/23
06/20/14,0.086,0.096,0.076,0.084,,2014/6/20
06/19/14,0.089,0.102,0.079,0.089,,2014/6/19
06/18/14,0.102,0.104,0.086,0.096,,2014/6/18
06/17/14,0.102,0.112,0.086,0.099,,2014/6/17
06/16/14,0.107,0.117,0.096,0.104,,2014/6/16
06/13/14,0.096,0.114,0.094,0.107,,2014/6/13
2006/12/14,0.099,0.109,0.089,0.099,,
2006/11/14,0.104,0.109,0.089,0.102,,
2006/10/14,0.102,0.107,0.094,0.102,,
2006/9/14,0.096,0.107,0.091,0.099,,
2006/6/14,0.102,0.109,0.089,0.099,,
2006/5/14,0.099,0.109,0.094,0.099,,
2006/4/14,0.099,0.112,0.086,0.102,,
2006/3/14,0.104,0.109,0.094,0.102,,
2006/2/14,0.102,0.112,0.094,0.102,,
05/30/14,0.102,0.112,0.094,0.102,,2014/5/30
05/29/14,0.099,0.107,0.089,0.099,,2014/5/29
05/28/14,0.086,0.099,0.069,0.096,,2014/5/28
05/27/14,0.084,0.094,0.071,0.084,,2014/5/27
05/23/14,0.084,0.094,0.079,0.089,,2014/5/23
05/22/14,0.086,0.089,0.076,0.081,,2014/5/22
05/21/14,0.081,0.091,0.076,0.084,,2014/5/21
05/20/14,0.081,0.091,0.074,0.084,,2014/5/20
05/19/14,0.081,0.096,0.076,0.084,,2014/5/19
05/16/14,0.084,0.094,0.074,0.084,,2014/5/16
05/15/14,0.086,0.096,0.076,0.086,,2014/5/15
05/14/14,0.099,0.099,0.084,0.086,,2014/5/14
05/13/14,0.096,0.104,0.089,0.094,,2014/5/13
2005/12/14,0.096,0.107,0.086,0.099,,
2005/9/14,0.096,0.109,0.089,0.099,,
2005/8/14,0.104,0.109,0.091,0.104,,
2005/7/14,0.104,0.112,0.091,0.099,,
2005/6/14,0.099,0.114,0.096,0.102,,
2005/5/14,0.107,0.114,0.091,0.102,,
2005/2/14,0.102,0.114,0.096,0.104,,
2005/1/14,0.109,0.117,0.096,0.104,,
04/30/14,0.112,0.119,0.099,0.112,,2014/4/30
04/29/14,0.099,0.114,0.089,0.114,,2014/4/29
04/28/14,0.094,0.102,0.086,0.094,,2014/4/28
04/25/14,0.099,0.107,0.089,0.099,,2014/4/25
04/24/14,0.094,0.107,0.089,0.096,,2014/4/24
04/23/14,0.094,0.104,0.091,0.096,,2014/4/23
04/22/14,0.091,0.107,0.089,0.096,,2014/4/22
04/21/14,0.096,0.112,0.089,0.096,,2014/4/21
04/17/14,0.096,0.109,0.086,0.096,,2014/4/17
04/16/14,0.094,0.107,0.086,0.094,,2014/4/16
04/15/14,0.102,0.107,0.089,0.096,,2014/4/15
04/14/14,0.094,0.109,0.091,0.099,,2014/4/14
2004/11/14,0.091,0.109,0.084,0.096,,
2004/10/14,0.099,0.104,0.089,0.099,,
2004/9/14,0.102,0.117,0.091,0.102,,
2004/8/14,0.102,0.117,0.096,0.104,,
2004/7/14,0.109,0.119,0.091,0.104,,
2004/4/14,0.114,0.119,0.104,0.112,,
2004/3/14,0.124,0.129,0.104,0.112,,
2004/2/14,0.127,0.137,0.122,0.135,,
2004/1/14,0.117,0.129,0.112,0.129,,
03/31/14,0.114,0.132,0.109,0.119,,2014/3/31
03/28/14,0.119,0.127,0.112,0.122,,2014/3/28
03/27/14,0.119,0.127,0.109,0.117,,2014/3/27
03/26/14,0.122,0.127,0.109,0.117,,2014/3/26
03/25/14,0.127,0.137,0.119,0.124,,2014/3/25
03/24/14,0.132,0.142,0.127,0.129,,2014/3/24
03/21/14,0.135,0.14,0.127,0.129,,2014/3/21
03/20/14,0.14,0.145,0.124,0.129,,2014/3/20
03/19/14,0.124,0.145,0.112,0.137,,2014/3/19
03/18/14,0.124,0.132,0.114,0.119,,2014/3/18
03/17/14,0.124,0.132,0.117,0.122,,2014/3/17
03/14/14,0.119,0.132,0.114,0.122,,2014/3/14
03/13/14,0.119,0.132,0.109,0.122,,2014/3/13
2003/12/14,0.127,0.135,0.003,0.124,,
2003/11/14,0.132,0.14,0.119,0.129,,
2003/10/14,0.127,0.14,0.122,0.129,,
2003/7/14,0.127,0.145,0.119,0.132,,
2003/6/14,0.124,0.14,0.119,0.14,,
2003/5/14,0.112,0.14,0.112,0.122,,
2003/4/14,0.104,0.129,0.102,0.129,,
2003/3/14,0.107,0.119,0.096,0.107,,
02/28/14,0.107,0.119,0.099,0.114,,2014/2/28
02/27/14,0.104,0.112,0.096,0.104,,2014/2/27
02/26/14,0.107,0.114,0.099,0.104,,2014/2/26
02/25/14,0.107,0.114,0.096,0.104,,2014/2/25
02/24/14,0.104,0.117,0.096,0.104,,2014/2/24
02/21/14,0.112,0.119,0.104,0.114,,2014/2/21
02/20/14,0.107,0.124,0.099,0.117,,2014/2/20
02/19/14,0.099,0.119,0.096,0.109,,2014/2/19
02/18/14,0.104,0.114,0.096,0.104,,2014/2/18
02/14/14,0.117,0.119,0.102,0.104,,2014/2/14
02/13/14,0.119,0.127,0.109,0.114,,2014/2/13
2002/12/14,0.122,0.127,0.114,0.124,,
2002/11/14,0.122,0.127,0.112,0.122,,
2002/10/14,0.122,0.129,0.107,0.119,,
2002/7/14,0.119,0.129,0.112,0.119,,
2002/6/14,0.122,0.132,0.117,0.124,,
2002/5/14,0.104,0.129,0.104,0.124,,
2002/4/14,0.089,0.122,0.089,0.122,,
2002/3/14,0.096,0.102,0.084,0.091,,
01/31/14,0.096,0.099,0.084,0.091,,2014/1/31
01/30/14,0.107,0.109,0.086,0.091,,2014/1/30
01/29/14,0.107,0.117,0.094,0.099,,2014/1/29
01/28/14,0.112,0.114,0.096,0.104,,2014/1/28
01/27/14,0.107,0.114,0.099,0.107,,2014/1/27
01/24/14,0.104,0.112,0.091,0.104,,2014/1/24
01/23/14,0.107,0.114,0.091,0.102,,2014/1/23
01/22/14,0.107,0.114,0.102,0.107,,2014/1/22
01/21/14,0.109,0.114,0.102,0.109,,2014/1/21
01/17/14,0.107,0.114,0.096,0.109,,2014/1/17
01/16/14,0.112,0.122,0.102,0.109,,2014/1/16
01/15/14,0.112,0.122,0.107,0.114,,2014/1/15
01/14/14,0.117,0.122,0.107,0.114,,2014/1/14
01/13/14,0.119,0.124,0.104,0.114,,2014/1/13
2001/10/14,0.132,0.135,0.114,0.122,,
2001/9/14,0.135,0.137,0.122,0.129,,
2001/8/14,0.104,0.14,0.104,0.129,,
2001/7/14,0.117,0.129,0.102,0.129,,
2001/6/14,0.122,0.127,0.104,0.114,,
2001/3/14,0.114,0.122,0.107,0.119,,
2001/2/14,0.119,0.124,0.104,0.112,,
12/31/13,0.122,0.127,0.114,0.117,,2013/12/31
12/30/13,0.117,0.127,0.112,0.119,,2013/12/30
12/27/13,0.129,0.132,0.114,0.122,,2013/12/27
12/26/13,0.129,0.137,0.119,0.124,,2013/12/26
12/24/13,0.127,0.137,0.122,0.129,,2013/12/24
12/23/13,0.14,0.14,0.122,0.129,,2013/12/23
12/20/13,0.132,0.142,0.124,0.132,,2013/12/20
12/19/13,0.132,0.145,0.127,0.135,,2013/12/19
12/18/13,0.14,0.145,0.124,0.135,,2013/12/18
12/17/13,0.14,0.145,0.129,0.137,,2013/12/17
12/16/13,0.142,0.142,0.129,0.14,,2013/12/16
12/13/13,0.145,0.147,0.135,0.14,,2013/12/13
2012/12/13,0.142,0.147,0.129,0.14,,
2012/11/13,0.117,0.147,0.117,0.14,,
2012/10/13,0.124,0.14,0.112,0.14,,
2012/9/13,0.132,0.152,0.117,0.119,,
2012/6/13,0.124,0.135,0.117,0.129,,
2012/5/13,0.129,0.135,0.122,0.132,,
2012/4/13,0.122,0.14,0.119,0.135,,
2012/3/13,0.119,0.135,0.119,0.124,,
2012/2/13,0.124,0.129,0.114,0.122,,
11/29/13,0.122,0.129,0.114,0.117,,2013/11/29
11/27/13,0.127,0.135,0.119,0.122,,2013/11/27
11/26/13,0.124,0.137,0.119,0.124,,2013/11/26
11/25/13,0.127,0.132,0.117,0.124,,2013/11/25
11/22/13,0.127,0.14,0.119,0.127,,2013/11/22
11/21/13,0.124,0.129,0.114,0.124,,2013/11/21
11/20/13,0.137,0.142,0.114,0.122,,2013/11/20
11/19/13,0.129,0.145,0.119,0.132,,2013/11/19
11/18/13,0.132,0.14,0.124,0.132,,2013/11/18
11/15/13,0.129,0.142,0.124,0.129,,2013/11/15
11/14/13,0.104,0.14,0.104,0.132,,2013/11/14
11/13/13,0.114,0.135,0.102,0.135,,2013/11/13
2011/12/13,0.104,0.124,0.104,0.112,,
2011/8/13,0.104,0.119,0.102,0.112,,
2011/7/13,0.104,0.114,0.091,0.102,,
2011/6/13,0.109,0.114,0.091,0.094,,
2011/5/13,0.099,0.109,0.091,0.107,,
2011/4/13,0.094,0.107,0.089,0.099,,
2011/1/13,0.099,0.104,0.089,0.096,,
10/31/13,0.099,0.109,0.094,0.104,,2013/10/31
10/30/13,0.107,0.112,0.091,0.099,,2013/10/30
10/29/13,0.107,0.114,0.099,0.104,,2013/10/29
10/28/13,0.104,0.114,0.099,0.104,,2013/10/28
10/25/13,0.112,0.117,0.102,0.107,,2013/10/25
10/24/13,0.102,0.119,0.099,0.109,,2013/10/24
10/23/13,0.107,0.112,0.089,0.104,,2013/10/23
10/22/13,0.114,0.127,0.096,0.104,,2013/10/22
10/21/13,0.122,0.132,0.112,0.112,,2013/10/21
10/18/13,0.132,0.14,0.119,0.127,,2013/10/18
10/17/13,0.15,0.165,0.122,0.129,,2013/10/17
10/16/13,0.155,0.163,0.122,0.147,,2013/10/16
10/15/13,0.135,0.16,0.129,0.152,,2013/10/15
2010/11/13,0.135,0.145,0.122,0.137,,
2010/10/13,0.147,0.147,0.122,0.129,,
2010/9/13,0.142,0.15,0.122,0.145,,
2010/8/13,0.112,0.142,0.102,0.14,,
2010/7/13,0.107,0.112,0.096,0.109,,
2010/4/13,0.099,0.107,0.094,0.102,,
2010/3/13,0.096,0.107,0.089,0.102,,
2010/2/13,0.102,0.104,0.089,0.094,,
2010/1/13,0.091,0.102,0.086,0.099,,
09/30/13,0.096,0.099,0.086,0.094,,2013/9/30
09/27/13,0.102,0.107,0.081,0.094,,2013/9/27
09/26/13,0.107,0.112,0.096,0.099,,2013/9/26
09/25/13,0.107,0.109,0.096,0.104,,2013/9/25
09/24/13,0.104,0.119,0.094,0.104,,2013/9/24
09/23/13,0.109,0.119,0.099,0.102,,2013/9/23
09/20/13,0.112,0.114,0.096,0.107,,2013/9/20
09/19/13,0.114,0.124,0.099,0.107,,2013/9/19
09/18/13,0.127,0.132,0.107,0.109,,2013/9/18
09/17/13,0.109,0.124,0.099,0.124,,2013/9/17
09/16/13,0.114,0.165,0.094,0.107,,2013/9/16
09/13/13,0.109,0.122,0.104,0.112,,2013/9/13
2009/12/13,0.114,0.124,0.104,0.112,,
2009/11/13,0.117,0.122,0.109,0.117,,
2009/10/13,0.117,0.124,0.109,0.119,,
2009/9/13,0.132,0.137,0.107,0.114,,
2009/6/13,0.152,0.155,0.124,0.132,,
2009/5/13,0.14,0.157,0.129,0.15,,
2009/4/13,0.127,0.14,0.119,0.137,,
2009/3/13,0.122,0.135,0.119,0.124,,
08/30/13,0.122,0.137,0.119,0.124,,2013/8/30
08/29/13,0.124,0.137,0.119,0.124,,2013/8/29
08/28/13,0.127,0.135,0.119,0.127,,2013/8/28
08/27/13,0.127,0.14,0.124,0.129,,2013/8/27
08/26/13,0.137,0.14,0.124,0.132,,2013/8/26
08/23/13,0.137,0.145,0.127,0.135,,2013/8/23
08/22/13,0.142,0.15,0.129,0.135,,2013/8/22
08/21/13,0.14,0.147,0.127,0.14,,2013/8/21
08/20/13,0.122,0.137,0.114,0.137,,2013/8/20
08/19/13,0.122,0.132,0.114,0.119,,2013/8/19
08/16/13,0.117,0.127,0.112,0.119,,2013/8/16
08/15/13,0.114,0.129,0.114,0.119,,2013/8/15
08/14/13,0.112,0.119,0.104,0.112,,2013/8/14
08/13/13,0.112,0.124,0.104,0.114,,2013/8/13
2008/12/13,0.109,0.117,0.104,0.109,,
2008/9/13,0.107,0.117,0.099,0.102,,
2008/8/13,0.107,0.119,0.102,0.109,,
2008/7/13,0.117,0.119,0.091,0.109,,
2008/6/13,0.112,0.119,0.091,0.112,,
2008/5/13,0.109,0.122,0.086,0.114,,
2008/2/13,0.119,0.122,0.104,0.112,,
2008/1/13,0.112,0.122,0.107,0.117,,
07/31/13,0.112,0.129,0.094,0.114,,2013/7/31
07/30/13,0.112,0.119,0.091,0.114,,2013/7/30
07/29/13,0.109,0.124,0.109,0.114,,2013/7/29
07/26/13,0.119,0.124,0.109,0.114,,2013/7/26
07/25/13,0.122,0.135,0.112,0.117,,2013/7/25
07/24/13,0.117,0.132,0.117,0.124,,2013/7/24
07/23/13,0.096,0.119,0.094,0.119,,2013/7/23
07/22/13,0.102,0.109,0.091,0.104,,2013/7/22
07/19/13,0.102,0.112,0.099,0.104,,2013/7/19
07/18/13,0.102,0.112,0.081,0.104,,2013/7/18
07/17/13,0.091,0.104,0.089,0.096,,2013/7/17
07/16/13,0.107,0.109,0.089,0.094,,2013/7/16
07/15/13,0.117,0.119,0.096,0.102,,2013/7/15
2007/12/13,0.114,0.117,0.104,0.114,,
2007/11/13,0.124,0.129,0.109,0.112,,
2007/10/13,0.132,0.135,0.117,0.119,,
2007/9/13,0.132,0.137,0.122,0.129,,
2007/8/13,0.142,0.147,0.122,0.129,,
2007/5/13,0.14,0.15,0.132,0.145,,
2007/3/13,0.142,0.155,0.129,0.137,,
2007/2/13,0.145,0.155,0.132,0.137,,
2007/1/13,0.152,0.157,0.14,0.147,,
06/28/13,0.152,0.163,0.145,0.15,,2013/6/28
06/27/13,0.168,0.17,0.132,0.155,,2013/6/27
06/26/13,0.178,0.178,0.157,0.165,,2013/6/26
06/25/13,0.137,0.173,0.129,0.173,,2013/6/25
06/24/13,0.127,0.145,0.124,0.135,,2013/6/24
06/21/13,0.122,0.135,0.119,0.129,,2013/6/21
06/20/13,0.127,0.135,0.112,0.124,,2013/6/20
06/19/13,0.127,0.129,0.112,0.124,,2013/6/19
06/18/13,0.122,0.129,0.114,0.124,,2013/6/18
06/17/13,0.117,0.129,0.114,0.119,,2013/6/17
06/14/13,0.122,0.135,0.114,0.119,,2013/6/14
06/13/13,0.132,0.14,0.119,0.124,,2013/6/13
2006/12/13,0.129,0.137,0.124,0.129,,
2006/11/13,0.129,0.155,0.127,0.132,,
2006/10/13,0.135,0.14,0.124,0.127,,
2006/7/13,0.137,0.14,0.127,0.129,,
2006/6/13,0.135,0.142,0.129,0.135,,
2006/5/13,0.129,0.145,0.129,0.137,,
2006/4/13,0.14,0.145,0.129,0.137,,
2006/3/13,0.137,0.145,0.129,0.137,,
05/31/13,0.135,0.145,0.124,0.142,,2013/5/31
05/30/13,0.135,0.145,0.127,0.132,,2013/5/30
05/29/13,0.124,0.137,0.112,0.137,,2013/5/29
05/28/13,0.112,0.122,0.107,0.122,,2013/5/28
05/24/13,0.107,0.117,0.102,0.107,,2013/5/24
05/23/13,0.109,0.114,0.102,0.112,,2013/5/23
05/22/13,0.104,0.112,0.099,0.109,,2013/5/22
05/21/13,0.112,0.117,0.102,0.107,,2013/5/21
05/20/13,0.114,0.117,0.104,0.114,,2013/5/20
05/17/13,0.109,0.114,0.099,0.114,,2013/5/17
05/16/13,0.114,0.119,0.099,0.109,,2013/5/16
05/15/13,0.114,0.122,0.107,0.114,,2013/5/15
05/14/13,0.114,0.117,0.107,0.114,,2013/5/14
05/13/13,0.114,0.119,0.107,0.114,,2013/5/13
2005/10/13,0.109,0.119,0.102,0.114,,
2005/9/13,0.107,0.119,0.102,0.109,,
2005/8/13,0.107,0.119,0.102,0.107,,
2005/7/13,0.109,0.114,0.102,0.107,,
2005/6/13,0.114,0.117,0.104,0.109,,
2005/3/13,0.112,0.122,0.112,0.114,,
2005/2/13,0.112,0.119,0.102,0.112,,
2005/1/13,0.102,0.119,0.102,0.112,,
04/30/13,0.107,0.117,0.099,0.107,,2013/4/30
04/29/13,0.112,0.117,0.102,0.107,,2013/4/29
04/26/13,0.112,0.114,0.099,0.112,,2013/4/26
04/25/13,0.112,0.119,0.099,0.112,,2013/4/25
04/24/13,0.109,0.119,0.104,0.112,,2013/4/24
04/23/13,0.112,0.119,0.102,0.109,,2013/4/23
04/22/13,0.114,0.119,0.104,0.112,,2013/4/22
04/19/13,0.114,0.119,0.104,0.114,,2013/4/19
04/18/13,0.114,0.124,0.109,0.114,,2013/4/18
04/17/13,0.122,0.124,0.109,0.114,,2013/4/17
04/16/13,0.119,0.127,0.109,0.122,,2013/4/16
04/15/13,0.127,0.129,0.114,0.119,,2013/4/15
2004/12/13,0.124,0.132,0.112,0.127,,
2004/11/13,0.135,0.135,0.119,0.124,,
2004/10/13,0.132,0.14,0.122,0.129,,
2004/9/13,0.137,0.14,0.124,0.132,,
2004/8/13,0.135,0.142,0.124,0.132,,
2004/5/13,0.132,0.142,0.127,0.135,,
2004/4/13,0.137,0.147,0.127,0.132,,
2004/3/13,0.142,0.15,0.129,0.137,,
2004/2/13,0.132,0.142,0.129,0.142,,
2004/1/13,0.129,0.145,0.127,0.132,,
03/28/13,0.129,0.137,0.119,0.129,,2013/3/28
03/27/13,0.132,0.14,0.124,0.129,,2013/3/27
03/26/13,0.132,0.142,0.127,0.132,,2013/3/26
03/25/13,0.135,0.142,0.127,0.132,,2013/3/25
03/22/13,0.137,0.14,0.127,0.135,,2013/3/22
03/21/13,0.14,0.142,0.127,0.135,,2013/3/21
03/20/13,0.135,0.14,0.129,0.14,,2013/3/20
03/19/13,0.14,0.15,0.129,0.135,,2013/3/19
03/18/13,0.145,0.157,0.135,0.14,,2013/3/18
03/15/13,0.15,0.157,0.137,0.145,,2013/3/15
03/14/13,0.152,0.157,0.14,0.15,,2013/3/14
03/13/13,0.155,0.157,0.145,0.152,,2013/3/13
2003/12/13,0.155,0.163,0.145,0.155,,
2003/11/13,0.157,0.168,0.147,0.155,,
2003/8/13,0.157,0.163,0.15,0.157,,
2003/7/13,0.163,0.163,0.147,0.155,,
2003/6/13,0.15,0.165,0.145,0.16,,
2003/5/13,0.157,0.163,0.147,0.152,,
2003/4/13,0.155,0.165,0.145,0.155,,
2003/1/13,0.16,0.163,0.15,0.155,,
02/28/13,0.16,0.168,0.15,0.16,,2013/2/28
02/27/13,0.152,0.163,0.147,0.155,,2013/2/27
02/26/13,0.16,0.165,0.15,0.155,,2013/2/26
02/25/13,0.157,0.17,0.152,0.155,,2013/2/25
02/22/13,0.155,0.168,0.15,0.157,,2013/2/22
02/21/13,0.163,0.165,0.15,0.157,,2013/2/21
02/20/13,0.157,0.168,0.147,0.16,,2013/2/20
02/19/13,0.157,0.168,0.15,0.16,,2013/2/19
02/15/13,0.163,0.165,0.15,0.155,,2013/2/15
02/14/13,0.155,0.17,0.15,0.155,,2013/2/14
02/13/13,0.15,0.163,0.147,0.155,,2013/2/13
2002/12/13,0.15,0.16,0.15,0.155,,
2002/11/13,0.15,0.16,0.145,0.152,,
2002/8/13,0.152,0.157,0.142,0.15,,
2002/7/13,0.152,0.157,0.137,0.15,,
2002/6/13,0.152,0.157,0.145,0.15,,
2002/5/13,0.142,0.147,0.132,0.145,,
2002/4/13,0.14,0.145,0.127,0.135,,
2002/1/13,0.14,0.147,0.127,0.14,,
01/31/13,0.14,0.147,0.132,0.142,,2013/1/31
01/30/13,0.145,0.15,0.132,0.142,,2013/1/30
01/29/13,0.15,0.155,0.135,0.142,,2013/1/29
01/28/13,0.142,0.157,0.14,0.145,,2013/1/28
01/25/13,0.142,0.145,0.132,0.142,,2013/1/25
01/24/13,0.142,0.147,0.127,0.142,,2013/1/24
01/23/13,0.14,0.145,0.129,0.14,,2013/1/23
01/22/13,0.145,0.147,0.129,0.14,,2013/1/22
01/18/13,0.152,0.16,0.135,0.137,,2013/1/18
01/17/13,0.145,0.152,0.137,0.15,,2013/1/17
01/16/13,0.14,0.15,0.135,0.142,,2013/1/16
01/15/13,0.145,0.15,0.135,0.135,,2013/1/15
01/14/13,0.14,0.145,0.132,0.14,,2013/1/14
2001/11/13,0.137,0.147,0.129,0.14,,
2001/10/13,0.14,0.147,0.122,0.142,,
2001/9/13,0.145,0.152,0.132,0.137,,
2001/8/13,0.142,0.145,0.129,0.14,,
2001/7/13,0.137,0.147,0.132,0.14,,
2001/4/13,0.147,0.157,0.132,0.137,,
2001/3/13,0.145,0.15,0.135,0.145,,
2001/2/13,0.155,0.157,0.127,0.145,,
12/31/12,0.145,0.155,0.137,0.155,,2012/12/31
12/28/12,0.15,0.155,0.129,0.145,,2012/12/28
12/27/12,0.16,0.165,0.142,0.152,,2012/12/27
12/26/12,0.15,0.163,0.145,0.152,,2012/12/26
12/24/12,0.147,0.185,0.147,0.15,,2012/12/24
12/21/12,0.15,0.16,0.14,0.147,,2012/12/21
12/20/12,0.157,0.16,0.145,0.152,,2012/12/20
12/19/12,0.16,0.168,0.145,0.15,,2012/12/19
12/18/12,0.137,0.168,0.132,0.163,,2012/12/18
12/17/12,0.132,0.142,0.122,0.14,,2012/12/17
12/14/12,0.142,0.152,0.119,0.132,,2012/12/14
12/13/12,0.16,0.165,0.124,0.145,,2012/12/13
2012/12/12,0.173,0.173,0.129,0.137,,
2012/11/12,0.17,0.175,0.145,0.147,,
2012/10/12,0.17,0.18,0.16,0.168,,
2012/7/12,0.178,0.183,0.165,0.17,,
2012/6/12,0.173,0.18,0.163,0.173,,
2012/5/12,0.175,0.18,0.16,0.17,,
2012/4/12,0.175,0.188,0.165,0.173,,
2012/3/12,0.17,0.188,0.165,0.175,,
11/30/12,0.17,0.178,0.163,0.17,,2012/11/30
11/29/12,0.175,0.18,0.163,0.173,,2012/11/29
11/28/12,0.178,0.183,0.163,0.168,,2012/11/28
11/27/12,0.175,0.18,0.16,0.175,,2012/11/27
11/26/12,0.18,0.191,0.165,0.173,,2012/11/26
11/23/12,0.175,0.185,0.175,0.18,,2012/11/23
11/21/12,0.175,0.183,0.155,0.175,,2012/11/21
11/20/12,0.175,0.18,0.155,0.165,,2012/11/20
11/19/12,0.157,0.18,0.152,0.165,,2012/11/19
11/16/12,0.18,0.183,0.152,0.157,,2012/11/16
11/15/12,0.185,0.191,0.155,0.16,,2012/11/15
11/14/12,0.178,0.183,0.163,0.17,,2012/11/14
11/13/12,0.17,0.185,0.165,0.17,,2012/11/13
2011/12/12,0.17,0.175,0.17,0.17,,
2011/9/12,0.188,0.188,0.17,0.17,,
2011/8/12,0.18,0.19,0.168,0.178,,
2011/7/12,0.185,0.188,0.163,0.178,,
2011/6/12,0.183,0.198,0.173,0.183,,
2011/5/12,0.18,0.185,0.173,0.185,,
2011/2/12,0.175,0.185,0.165,0.183,,
10/30/12,0.175,0.178,0.173,0.175,,2012/10/30
10/29/12,0.183,0.186,0.17,0.176,,2012/10/29
10/26/12,0.188,0.194,0.168,0.183,,2012/10/26
10/25/12,0.185,0.201,0.173,0.188,,2012/10/25
10/24/12,0.18,0.196,0.173,0.185,,2012/10/24
10/23/12,0.196,0.198,0.177,0.185,,2012/10/23
10/22/12,0.183,0.198,0.175,0.196,,2012/10/22
10/19/12,0.185,0.198,0.175,0.183,,2012/10/19
10/18/12,0.193,0.201,0.177,0.185,,2012/10/18
10/17/12,0.183,0.196,0.173,0.193,,2012/10/17
10/16/12,0.19,0.201,0.165,0.183,,2012/10/16
10/15/12,0.183,0.193,0.163,0.19,,2012/10/15
2010/12/12,0.18,0.196,0.171,0.183,,
2010/11/12,0.175,0.19,0.168,0.18,,
2010/10/12,0.173,0.178,0.157,0.175,,
2010/9/12,0.175,0.18,0.163,0.173,,
2010/5/12,0.16,0.178,0.155,0.17,,
2010/4/12,0.16,0.178,0.155,0.163,,
2010/3/12,0.163,0.176,0.153,0.16,,
2010/2/12,0.163,0.171,0.155,0.163,,
2010/1/12,0.16,0.176,0.15,0.163,,
09/28/12,0.166,0.178,0.153,0.16,,2012/9/28
09/27/12,0.171,0.181,0.155,0.166,,2012/9/27
09/26/12,0.178,0.185,0.165,0.173,,2012/9/26
09/25/12,0.191,0.191,0.168,0.178,,2012/9/25
09/24/12,0.183,0.191,0.165,0.191,,2012/9/24
09/21/12,0.191,0.196,0.173,0.183,,2012/9/21
09/20/12,0.185,0.193,0.165,0.191,,2012/9/20
09/19/12,0.196,0.196,0.175,0.185,,2012/9/19
09/18/12,0.18,0.198,0.163,0.196,,2012/9/18
09/17/12,0.17,0.183,0.157,0.18,,2012/9/17
09/14/12,0.157,0.178,0.15,0.17,,2012/9/14
09/13/12,0.163,0.178,0.15,0.157,,2012/9/13
2009/12/12,0.165,0.178,0.155,0.163,,
2009/11/12,0.165,0.178,0.157,0.165,,
2009/10/12,0.17,0.175,0.157,0.165,,
2009/7/12,0.175,0.185,0.16,0.17,,
2009/6/12,0.158,0.178,0.157,0.175,,
2009/5/12,0.168,0.173,0.158,0.158,,
2009/4/12,0.178,0.178,0.158,0.168,,
08/31/12,0.176,0.183,0.158,0.163,,2012/8/31
08/30/12,0.18,0.201,0.168,0.176,,2012/8/30
08/29/12,0.18,0.188,0.175,0.18,,2012/8/29
08/28/12,0.185,0.188,0.168,0.183,,2012/8/28
08/27/12,0.185,0.196,0.173,0.185,,2012/8/27
08/24/12,0.185,0.193,0.173,0.185,,2012/8/24
08/23/12,0.191,0.193,0.175,0.185,,2012/8/23
08/22/12,0.196,0.206,0.185,0.191,,2012/8/22
08/21/12,0.185,0.206,0.18,0.196,,2012/8/21
08/20/12,0.188,0.196,0.175,0.185,,2012/8/20
08/17/12,0.188,0.193,0.18,0.188,,2012/8/17
08/16/12,0.188,0.19,0.178,0.188,,2012/8/16
08/15/12,0.185,0.198,0.175,0.188,,2012/8/15
08/14/12,0.183,0.188,0.173,0.185,,2012/8/14
08/13/12,0.178,0.188,0.17,0.183,,2012/8/13
2008/10/12,0.188,0.198,0.17,0.178,,
2008/9/12,0.186,0.193,0.173,0.188,,
2008/8/12,0.181,0.191,0.173,0.186,,
2008/7/12,0.166,0.188,0.163,0.181,,
2008/6/12,0.168,0.183,0.158,0.166,,
2008/3/12,0.171,0.173,0.155,0.168,,
2008/2/12,0.165,0.173,0.155,0.171,,
2008/1/12,0.168,0.173,0.152,0.165,,
07/31/12,0.175,0.18,0.163,0.17,,2012/7/31
07/30/12,0.178,0.183,0.168,0.178,,2012/7/30
07/29/12,0.178,0.178,0.178,0.178,,2012/7/29
07/27/12,0.178,0.191,0.17,0.185,,2012/7/27
07/26/12,0.175,0.185,0.168,0.18,,2012/7/26
07/25/12,0.183,0.191,0.168,0.173,,2012/7/25
07/24/12,0.165,0.203,0.155,0.175,,2012/7/24
07/23/12,0.16,0.185,0.155,0.165,,2012/7/23
07/22/12,0.16,0.16,0.16,0.16,,2012/7/22
07/20/12,0.165,0.175,0.155,0.163,,2012/7/20
07/19/12,0.165,0.173,0.152,0.165,,2012/7/19
07/18/12,0.175,0.183,0.157,0.163,,2012/7/18
07/17/12,0.17,0.185,0.165,0.175,,2012/7/17
07/16/12,0.178,0.183,0.165,0.173,,2012/7/16
07/15/12,0.178,0.178,0.178,0.178,,2012/7/15
07/13/12,0.196,0.201,0.168,0.191,,2012/7/13
2007/12/12,0.194,0.201,0.185,0.198,,
2007/11/12,0.196,0.201,0.186,0.194,,
2007/10/12,0.194,0.204,0.183,0.194,,
2007/9/12,0.194,0.201,0.183,0.194,,
2007/8/12,0.194,0.194,0.194,0.194,,
2007/6/12,0.201,0.204,0.186,0.194,,
2007/5/12,0.204,0.211,0.194,0.199,,
2007/4/12,0.206,0.206,0.206,0.206,,
2007/3/12,0.211,0.216,0.199,0.206,,
2007/2/12,0.216,0.224,0.204,0.211,,
2007/1/12,0.216,0.216,0.216,0.216,,
06/29/12,0.214,0.224,0.206,0.211,,2012/6/29
06/28/12,0.209,0.227,0.191,0.214,,2012/6/28
06/27/12,0.211,0.222,0.204,0.211,,2012/6/27
06/26/12,0.183,0.222,0.171,0.191,,2012/6/26
06/25/12,0.183,0.191,0.171,0.176,,2012/6/25
06/24/12,0.183,0.183,0.183,0.183,,2012/6/24
06/22/12,0.181,0.188,0.173,0.183,,2012/6/22
06/21/12,0.183,0.191,0.171,0.186,,2012/6/21
06/20/12,0.173,0.188,0.168,0.178,,2012/6/20
06/19/12,0.173,0.186,0.171,0.173,,2012/6/19
06/18/12,0.178,0.178,0.166,0.178,,2012/6/18
06/17/12,0.178,0.178,0.178,0.178,,2012/6/17
06/15/12,0.176,0.183,0.166,0.178,,2012/6/15
06/14/12,0.176,0.188,0.168,0.176,,2012/6/14
06/13/12,0.176,0.194,0.171,0.176,,2012/6/13
2006/12/12,0.176,0.186,0.158,0.181,,
2006/11/12,0.173,0.183,0.155,0.173,,
2006/10/12,0.178,0.178,0.178,0.178,,
2006/8/12,0.176,0.183,0.155,0.173,,
2006/7/12,0.181,0.191,0.163,0.181,,
2006/6/12,0.181,0.191,0.166,0.186,,
2006/5/12,0.176,0.183,0.155,0.181,,
2006/4/12,0.176,0.188,0.16,0.173,,
2006/3/12,0.171,0.171,0.171,0.171,,
2006/1/12,0.181,0.194,0.16,0.178,,
05/31/12,0.181,0.196,0.16,0.183,,2012/5/31
05/30/12,0.186,0.199,0.173,0.183,,2012/5/30
05/29/12,0.194,0.206,0.173,0.194,,2012/5/29
05/28/12,0.196,0.209,0.176,0.199,,2012/5/28
05/25/12,0.196,0.209,0.176,0.196,,2012/5/25
05/24/12,0.196,0.209,0.178,0.209,,2012/5/24
05/23/12,0.194,0.206,0.181,0.196,,2012/5/23
05/22/12,0.194,0.206,0.176,0.201,,2012/5/22
05/21/12,0.196,0.209,0.178,0.199,,2012/5/21
05/18/12,0.194,0.206,0.176,0.201,,2012/5/18
05/17/12,0.186,0.201,0.168,0.191,,2012/5/17
05/16/12,0.186,0.199,0.171,0.183,,2012/5/16
05/15/12,0.181,0.194,0.168,0.188,,2012/5/15
05/14/12,0.181,0.194,0.166,0.188,,2012/5/14
2005/11/12,0.178,0.191,0.166,0.186,,
2005/10/12,0.176,0.191,0.163,0.178,,
2005/9/12,0.173,0.188,0.163,0.176,,
2005/8/12,0.194,0.188,0.16,0.178,,
2005/7/12,0.178,0.191,0.166,0.178,,
2005/4/12,0.186,0.188,0.163,0.181,,
2005/3/12,0.186,0.194,0.166,0.194,,
2005/2/12,0.186,0.204,0.166,0.186,,
2005/1/12,0.181,0.191,0.166,0.188,,
04/30/12,0.176,0.188,0.163,0.188,,2012/4/30
04/27/12,0.171,0.183,0.155,0.171,,2012/4/27
04/26/12,0.176,0.186,0.158,0.176,,2012/4/26
04/25/12,0.176,0.186,0.16,0.181,,2012/4/25
04/24/12,0.166,0.181,0.145,0.176,,2012/4/24
04/23/12,0.166,0.178,0.148,0.16,,2012/4/23
04/20/12,0.166,0.181,0.145,0.166,,2012/4/20
04/19/12,0.196,0.178,0.14,0.166,,2012/4/19
04/18/12,0.166,0.183,0.153,0.168,,2012/4/18
04/17/12,0.171,0.181,0.15,0.176,,2012/4/17
04/16/12,0.168,0.183,0.155,0.178,,2012/4/16
04/13/12,0.181,0.194,0.163,0.178,,2012/4/13
2004/12/12,0.186,0.199,0.168,0.181,,
2004/11/12,0.186,0.199,0.168,0.188,,
2004/10/12,0.188,0.201,0.168,0.194,,
2004/9/12,0.196,0.201,0.173,0.194,,
2004/6/12,0.194,0.204,0.178,0.194,,
2004/5/12,0.196,0.206,0.176,0.196,,
2004/4/12,0.206,0.216,0.171,0.191,,
2004/3/12,0.176,0.188,0.158,0.188,,
2004/2/12,0.181,0.186,0.16,0.181,,
03/30/12,0.176,0.188,0.158,0.178,,2012/3/30
03/29/12,0.171,0.181,0.153,0.178,,2012/3/29
03/28/12,0.186,0.181,0.153,0.173,,2012/3/28
03/27/12,0.181,0.191,0.158,0.178,,2012/3/27
03/26/12,0.181,0.191,0.166,0.178,,2012/3/26
03/23/12,0.191,0.204,0.171,0.186,,2012/3/23
03/22/12,0.196,0.209,0.176,0.194,,2012/3/22
03/21/12,0.196,0.216,0.188,0.209,,2012/3/21
03/20/12,0.206,0.219,0.186,0.209,,2012/3/20
03/19/12,0.206,0.219,0.186,0.209,,2012/3/19
03/16/12,0.201,0.214,0.188,0.206,,2012/3/16
03/15/12,0.201,0.214,0.188,0.199,,2012/3/15
03/14/12,0.196,0.206,0.183,0.206,,2012/3/14
03/13/12,0.204,0.201,0.166,0.196,,2012/3/13
2003/12/12,0.183,0.199,0.166,0.186,,
2003/9/12,0.186,0.196,0.168,0.181,,
2003/8/12,0.181,0.194,0.166,0.186,,
2003/7/12,0.176,0.188,0.158,0.171,,
2003/6/12,0.166,0.176,0.15,0.168,,
2003/5/12,0.16,0.173,0.14,0.168,,
2003/2/12,0.166,0.176,0.148,0.163,,
2003/1/12,0.166,0.176,0.148,0.173,,
02/29/12,0.163,0.176,0.15,0.166,,2012/2/29
02/28/12,0.166,0.188,0.14,0.166,,2012/2/28
02/27/12,0.166,0.178,0.15,0.171,,2012/2/27
02/24/12,0.16,0.176,0.145,0.168,,2012/2/24
02/23/12,0.16,0.173,0.135,0.166,,2012/2/23
02/22/12,0.16,0.173,0.145,0.163,,2012/2/22
02/21/12,0.14,0.178,0.148,0.166,,2012/2/21
02/20/12,0.166,0.178,0.142,0.166,,2012/2/20
02/17/12,0.166,0.178,0.142,0.171,,2012/2/17
02/16/12,0.166,0.176,0.142,0.158,,2012/2/16
02/15/12,0.171,0.181,0.15,0.166,,2012/2/15
02/14/12,0.15,0.183,0.153,0.171,,2012/2/14
02/13/12,0.155,0.168,0.135,0.15,,2012/2/13
2002/10/12,0.148,0.16,0.135,0.153,,
2002/9/12,0.15,0.163,0.132,0.15,,
2002/8/12,0.145,0.158,0.13,0.15,,
2002/7/12,0.13,0.142,0.112,0.132,,
2002/6/12,0.13,0.142,0.115,0.13,,
2002/3/12,0.135,0.148,0.12,0.137,,
2002/2/12,0.125,0.137,0.107,0.132,,
2002/1/12,0.12,0.132,0.102,0.127,,
01/31/12,0.117,0.127,0.099,0.117,,2012/1/31
01/30/12,0.117,0.127,0.097,0.117,,2012/1/30
01/27/12,0.109,0.12,0.092,0.115,,2012/1/27
01/26/12,0.112,0.122,0.089,0.104,,2012/1/26
01/25/12,0.109,0.12,0.094,0.109,,2012/1/25
01/24/12,0.112,0.12,0.094,0.115,,2012/1/24
01/23/12,0.094,0.12,0.092,0.109,,2012/1/23
01/20/12,0.112,0.125,0.086,0.115,,2012/1/20
01/19/12,0.109,0.122,0.084,0.109,,2012/1/19
01/18/12,0.104,0.117,0.089,0.109,,2012/1/18
01/17/12,0.104,0.117,0.086,0.104,,2012/1/17
01/16/12,0.104,0.115,0.084,0.107,,2012/1/16
01/13/12,0.104,0.112,0.086,0.107,,2012/1/13
2001/12/12,0.109,0.122,0.089,0.107,,
2001/11/12,0.115,0.125,0.094,0.104,,
2001/10/12,0.099,0.107,0.084,0.102,,
2001/9/12,0.097,0.115,0.084,0.104,,
2001/6/12,0.104,0.115,0.089,0.099,,
2001/5/12,0.109,0.122,0.089,0.109,,
2001/4/12,0.109,0.13,0.092,0.104,,
2001/3/12,0.109,0.125,0.094,0.117,,
2001/2/12,0.109,0.122,0.092,0.112,,
12/30/11,0.109,0.117,0.092,0.117,,2011/12/30
12/29/11,0.115,0.127,0.092,0.107,,2011/12/29
12/28/11,0.115,0.122,0.092,0.117,,2011/12/28
12/27/11,0.115,0.122,0.097,0.115,,2011/12/27
12/26/11,0.115,0.122,0.097,0.112,,2011/12/26
12/23/11,0.115,0.122,0.097,0.115,,2011/12/23
12/22/11,0.109,0.122,0.094,0.12,,2011/12/22
12/21/11,0.12,0.127,0.097,0.112,,2011/12/21
12/20/11,0.115,0.125,0.094,0.112,,2011/12/20
12/19/11,0.109,0.125,0.097,0.115,,2011/12/19
12/16/11,0.115,0.127,0.099,0.117,,2011/12/16
12/15/11,0.102,0.127,0.099,0.117,,2011/12/15
12/14/11,0.115,0.127,0.099,0.115,,2011/12/14
12/13/11,0.094,0.102,0.074,0.092,,2011/12/13
2012/12/11,0.094,0.102,0.074,0.094,,
2012/9/11,0.094,0.102,0.079,0.099,,
2012/8/11,0.104,0.117,0.081,0.094,,
2012/7/11,0.104,0.117,0.086,0.102,,
2012/6/11,0.104,0.117,0.081,0.104,,
2012/5/11,0.104,0.117,0.081,0.107,,
2012/2/11,0.104,0.122,0.089,0.107,,
2012/1/11,0.104,0.125,0.099,0.115,,
11/30/11,0.114,0.127,0.102,0.114,,2011/11/30
11/29/11,0.104,0.137,0.094,0.119,,2011/11/29
11/28/11,0.119,0.132,0.094,0.127,,2011/11/28
11/25/11,0.104,0.127,0.091,0.119,,2011/11/25
11/24/11,0.115,0.125,0.097,0.117,,2011/11/24
11/23/11,0.115,0.12,0.097,0.117,,2011/11/23
11/22/11,0.109,0.122,0.094,0.117,,2011/11/22
11/21/11,0.104,0.117,0.086,0.109,,2011/11/21
11/18/11,0.104,0.117,0.092,0.109,,2011/11/18
11/17/11,0.104,0.117,0.086,0.107,,2011/11/17
11/16/11,0.109,0.12,0.089,0.109,,2011/11/16
11/15/11,0.086,0.102,0.071,0.092,,2011/11/15
11/14/11,0.089,0.099,0.074,0.094,,2011/11/14
2011/11/11,0.089,0.102,0.069,0.092,,
2011/10/11,0.089,0.102,0.069,0.089,,
2011/9/11,0.089,0.102,0.069,0.084,,
2011/8/11,0.084,0.097,0.066,0.084,,
2011/7/11,0.092,0.099,0.074,0.092,,
2011/4/11,0.114,0.119,0.079,0.107,,
2011/3/11,0.104,0.112,0.086,0.107,,
2011/2/11,0.114,0.119,0.091,0.107,,
2011/1/11,0.114,0.124,0.091,0.104,,
10/31/11,0.124,0.135,0.102,0.114,,2011/10/31
10/28/11,0.124,0.145,0.104,0.124,,2011/10/28
10/27/11,0.119,0.137,0.104,0.122,,2011/10/27
10/26/11,0.115,0.127,0.099,0.117,,2011/10/26
10/25/11,0.115,0.13,0.102,0.12,,2011/10/25
10/24/11,0.115,0.127,0.099,0.117,,2011/10/24
10/21/11,0.12,0.13,0.102,0.12,,2011/10/21
10/20/11,0.12,0.13,0.104,0.117,,2011/10/20
10/19/11,0.117,0.135,0.104,0.12,,2011/10/19
10/18/11,0.099,0.115,0.081,0.107,,2011/10/18
10/17/11,0.104,0.115,0.089,0.104,,2011/10/17
10/14/11,0.099,0.115,0.076,0.109,,2011/10/14
10/13/11,0.092,0.102,0.074,0.094,,2011/10/13
2010/12/11,0.089,0.122,0.066,0.081,,
2010/11/11,0.099,0.109,0.069,0.104,,
2010/10/11,0.084,0.104,0.066,0.099,,
2010/7/11,0.084,0.094,0.066,0.089,,
2010/6/11,0.079,0.109,0.071,0.092,,
2010/5/11,0.104,0.117,0.081,0.099,,
2010/4/11,0.104,0.117,0.079,0.102,,
2010/3/11,0.089,0.119,0.086,0.104,,
09/30/11,0.104,0.117,0.081,0.114,,2011/9/30
09/29/11,0.104,0.114,0.069,0.104,,2011/9/29
09/28/11,0.104,0.115,0.086,0.109,,2011/9/28
09/27/11,0.099,0.115,0.076,0.112,,2011/9/27
09/26/11,0.099,0.117,0.084,0.115,,2011/9/26
09/23/11,0.097,0.107,0.079,0.104,,2011/9/23
09/22/11,0.076,0.115,0.086,0.097,,2011/9/22
09/21/11,0.089,0.099,0.069,0.079,,2011/9/21
09/20/11,0.076,0.097,0.059,0.079,,2011/9/20
09/19/11,0.081,0.089,0.064,0.086,,2011/9/19
09/16/11,0.089,0.102,0.069,0.089,,2011/9/16
09/15/11,0.094,0.104,0.071,0.099,,2011/9/15
09/14/11,0.094,0.104,0.069,0.079,,2011/9/14
09/13/11,0.099,0.112,0.041,0.092,,2011/9/13
2009/12/11,0.094,0.102,0.079,0.094,,
2009/9/11,0.104,0.115,0.086,0.107,,
2009/8/11,0.104,0.115,0.079,0.102,,
2009/7/11,0.079,0.124,0.094,0.114,,
2009/6/11,0.109,0.127,0.094,0.117,,
2009/5/11,0.104,0.119,0.086,0.112,,
2009/2/11,0.104,0.114,0.086,0.112,,
2009/1/11,0.104,0.114,0.091,0.104,,
08/31/11,0.094,0.112,0.074,0.109,,2011/8/31
08/30/11,0.094,0.112,0.081,0.097,,2011/8/30
08/29/11,0.089,0.104,0.074,0.099,,2011/8/29
08/26/11,0.094,0.112,0.043,0.097,,2011/8/26
08/25/11,0.099,0.112,0.071,0.099,,2011/8/25
08/24/11,0.104,0.117,0.092,0.109,,2011/8/24
08/23/11,0.076,0.086,0.059,0.076,,2011/8/23
08/22/11,0.089,0.102,0.074,0.086,,2011/8/22
08/19/11,0.089,0.102,0.071,0.092,,2011/8/19
08/18/11,0.097,0.107,0.079,0.089,,2011/8/18
08/17/11,0.104,0.115,0.086,0.104,,2011/8/17
08/16/11,0.109,0.122,0.092,0.104,,2011/8/16
08/15/11,0.104,0.117,0.086,0.107,,2011/8/15
2008/12/11,0.104,0.115,0.079,0.102,,
2008/11/11,0.094,0.107,0.081,0.107,,
2008/10/11,0.107,0.114,0.069,0.094,,
2008/9/11,0.112,0.132,0.096,0.129,,
2008/8/11,0.114,0.124,0.094,0.114,,
2008/5/11,0.104,0.132,0.091,0.112,,
2008/4/11,0.15,0.163,0.104,0.117,,
2008/3/11,0.16,0.171,0.14,0.158,,
2008/2/11,0.201,0.214,0.158,0.176,,
2008/1/11,0.206,0.227,0.191,0.209,,
07/29/11,0.196,0.222,0.188,0.222,,2011/7/29
07/28/11,0.211,0.222,0.196,0.209,,2011/7/28
07/27/11,0.206,0.216,0.188,0.214,,2011/7/27
07/26/11,0.186,0.196,0.171,0.194,,2011/7/26
07/25/11,0.176,0.196,0.155,0.194,,2011/7/25
07/22/11,0.176,0.186,0.16,0.176,,2011/7/22
07/21/11,0.171,0.188,0.145,0.178,,2011/7/21
07/20/11,0.171,0.181,0.148,0.171,,2011/7/20
07/19/11,0.15,0.166,0.13,0.153,,2011/7/19
07/18/11,0.15,0.153,0.13,0.145,,2011/7/18
07/15/11,0.191,0.206,0.13,0.148,,2011/7/15
07/14/11,0.191,0.178,0.135,0.15,,2011/7/14
07/13/11,0.191,0.206,0.145,0.165,,2011/7/13
2007/12/11,0.191,0.206,0.14,0.163,,
2007/11/11,0.191,0.18,0.145,0.165,,
2007/8/11,0.191,0.201,0.157,0.191,,
2007/7/11,0.191,0.191,0.157,0.18,,
2007/6/11,0.203,0.206,0.157,0.178,,
2007/5/11,0.191,0.206,0.173,0.185,,
2007/4/11,0.191,0.206,0.175,0.196,,
2007/1/11,0.191,0.206,0.175,0.191,,
06/30/11,0.196,0.206,0.175,0.201,,2011/6/30
06/29/11,0.213,0.224,0.188,0.201,,2011/6/29
06/28/11,0.175,0.18,0.142,0.178,,2011/6/28
06/27/11,0.147,0.17,0.127,0.165,,2011/6/27
06/24/11,0.152,0.163,0.127,0.15,,2011/6/24
06/23/11,0.163,0.175,0.129,0.152,,2011/6/23
06/22/11,0.168,0.18,0.145,0.16,,2011/6/22
06/21/11,0.168,0.183,0.15,0.173,,2011/6/21
06/20/11,0.168,0.183,0.15,0.165,,2011/6/20
06/17/11,0.173,0.183,0.152,0.178,,2011/6/17
06/16/11,0.173,0.188,0.15,0.17,,2011/6/16
06/15/11,0.183,0.193,0.163,0.175,,2011/6/15
06/14/11,0.173,0.183,0.155,0.178,,2011/6/14
06/13/11,0.173,0.185,0.157,0.178,,2011/6/13
2006/10/11,0.173,0.183,0.155,0.178,,
2006/9/11,0.168,0.178,0.15,0.175,,
2006/8/11,0.178,0.185,0.152,0.17,,
2006/7/11,0.178,0.183,0.155,0.178,,
2006/6/11,0.183,0.201,0.163,0.188,,
2006/3/11,0.188,0.196,0.168,0.185,,
2006/2/11,0.183,0.198,0.17,0.188,,
2006/1/11,0.168,0.178,0.15,0.168,,
05/31/11,0.163,0.178,0.147,0.168,,2011/5/31
05/30/11,0.168,0.18,0.147,0.165,,2011/5/30
05/27/11,0.168,0.18,0.15,0.165,,2011/5/27
05/26/11,0.173,0.183,0.155,0.17,,2011/5/26
05/25/11,0.178,0.188,0.157,0.17,,2011/5/25
05/24/11,0.178,0.183,0.155,0.18,,2011/5/24
05/23/11,0.173,0.183,0.147,0.17,,2011/5/23
05/20/11,0.183,0.193,0.16,0.175,,2011/5/20
05/19/11,0.178,0.193,0.16,0.183,,2011/5/19
05/18/11,0.173,0.188,0.152,0.175,,2011/5/18
05/17/11,0.173,0.185,0.152,0.165,,2011/5/17
05/16/11,0.173,0.193,0.152,0.173,,2011/5/16
05/13/11,0.178,0.191,0.16,0.175,,2011/5/13
2005/12/11,0.142,0.188,0.155,0.17,,
2005/11/11,0.173,0.196,0.155,0.178,,
2005/10/11,0.168,0.183,0.152,0.175,,
2005/9/11,0.173,0.183,0.147,0.17,,
2005/6/11,0.183,0.198,0.168,0.185,,
2005/5/11,0.201,0.208,0.17,0.18,,
2005/4/11,0.203,0.218,0.18,0.201,,
2005/3/11,0.19,0.196,0.165,0.188,,
2005/2/11,0.193,0.203,0.18,0.193,,
04/29/11,0.203,0.211,0.175,0.201,,2011/4/29
04/28/11,0.208,0.213,0.185,0.201,,2011/4/28
04/27/11,0.216,0.216,0.19,0.211,,2011/4/27
04/26/11,0.213,0.224,0.19,0.208,,2011/4/26
04/25/11,0.218,0.229,0.198,0.213,,2011/4/25
04/22/11,0.218,0.229,0.203,0.216,,2011/4/22
04/21/11,0.218,0.229,0.203,0.218,,2011/4/21
04/20/11,0.218,0.229,0.203,0.213,,2011/4/20
04/19/11,0.218,0.231,0.203,0.226,,2011/4/19
04/18/11,0.236,0.244,0.208,0.221,,2011/4/18
04/15/11,0.249,0.259,0.224,0.239,,2011/4/15
04/14/11,0.229,0.252,0.216,0.241,,2011/4/14
04/13/11,0.244,0.254,0.226,0.244,,2011/4/13
2004/12/11,0.269,0.269,0.231,0.252,,
2004/11/11,0.264,0.28,0.246,0.267,,
2004/8/11,0.264,0.275,0.252,0.269,,
2004/7/11,0.285,0.295,0.257,0.267,,
2004/6/11,0.898,0.305,0.272,0.292,,
2004/5/11,0.198,0.249,0.178,0.249,,
2004/4/11,0.244,0.249,0.19,0.213,,
2004/1/11,0.28,0.3,0.234,0.244,,
03/31/11,0.277,0.285,0.252,0.275,,2011/3/31
03/30/11,0.285,0.295,0.264,0.28,,2011/3/30
03/29/11,0.28,0.295,0.264,0.282,,2011/3/29
03/28/11,0.269,0.282,0.254,0.277,,2011/3/28
03/25/11,0.249,0.259,0.229,0.252,,2011/3/25
03/24/11,0.239,0.249,0.15,0.239,,2011/3/24
03/23/11,0.239,0.249,0.216,0.236,,2011/3/23
03/22/11,0.234,0.244,0.218,0.236,,2011/3/22
03/21/11,0.226,0.254,0.208,0.241,,2011/3/21
03/18/11,0.224,0.236,0.203,0.213,,2011/3/18
03/17/11,0.213,0.234,0.201,0.229,,2011/3/17
03/16/11,0.229,0.236,0.198,0.216,,2011/3/16
03/15/11,0.224,0.234,0.18,0.208,,2011/3/15
03/14/11,0.234,0.239,0.203,0.218,,2011/3/14
2003/11/11,0.234,0.244,0.216,0.236,,
2003/10/11,0.249,0.259,0.226,0.236,,
2003/9/11,0.272,0.287,0.241,0.259,,
2003/8/11,0.239,0.252,0.221,0.244,,
2003/7/11,0.239,0.257,0.221,0.241,,
2003/4/11,0.239,0.264,0.234,0.249,,
2003/3/11,0.239,0.254,0.224,0.252,,
2003/2/11,0.239,0.254,0.221,0.231,,
2003/1/11,0.244,0.257,0.226,0.249,,
02/28/11,0.249,0.259,0.229,0.241,,2011/2/28
02/25/11,0.244,0.262,0.231,0.246,,2011/2/25
02/24/11,0.254,0.259,0.231,0.246,,2011/2/24
02/23/11,0.259,0.269,0.241,0.264,,2011/2/23
02/22/11,0.282,0.28,0.244,0.259,,2011/2/22
02/21/11,0.282,0.282,0.252,0.272,,2011/2/21
02/18/11,0.282,0.282,0.257,0.28,,2011/2/18
02/17/11,0.285,0.295,0.264,0.275,,2011/2/17
02/16/11,0.295,0.305,0.28,0.287,,2011/2/16
02/15/11,0.295,0.305,0.282,0.287,,2011/2/15
02/14/11,0.297,0.305,0.277,0.295,,2011/2/14
2002/11/11,0.297,0.302,0.28,0.292,,
2002/10/11,0.285,0.292,0.28,0.3,,
2002/9/11,0.32,0.328,0.297,0.313,,
2002/8/11,0.285,0.295,0.267,0.287,,
2002/7/11,0.285,0.292,0.267,0.282,,
2002/4/11,0.275,0.325,0.262,0.282,,
2002/3/11,0.264,0.285,0.249,0.28,,
2002/2/11,0.254,0.259,0.239,0.252,,
2002/1/11,0.244,0.262,0.231,0.259,,
01/31/11,0.239,0.254,0.218,0.239,,2011/1/31
01/28/11,0.252,0.259,0.218,0.257,,2011/1/28
01/27/11,0.264,0.277,0.234,0.244,,2011/1/27
01/26/11,0.264,0.272,0.244,0.264,,2011/1/26
01/25/11,0.272,0.277,0.254,0.275,,2011/1/25
01/24/11,0.269,0.28,0.254,0.272,,2011/1/24
01/21/11,0.264,0.272,0.246,0.269,,2011/1/21
01/20/11,0.257,0.269,0.224,0.264,,2011/1/20
01/19/11,0.272,0.275,0.246,0.262,,2011/1/19
01/18/11,0.269,0.275,0.244,0.262,,2011/1/18
01/17/11,0.259,0.269,0.246,0.269,,2011/1/17
01/14/11,0.259,0.275,0.246,0.269,,2011/1/14
01/13/11,0.264,0.277,0.241,0.264,,2011/1/13
2001/12/11,0.287,0.29,0.262,0.272,,
2001/11/11,0.272,0.282,0.257,0.272,,
2001/10/11,0.277,0.292,0.259,0.274,,
2001/7/11,0.29,0.3,0.269,0.282,,
2001/6/11,0.254,0.3,0.275,0.295,,
2001/5/11,0.275,0.292,0.254,0.287,,
2001/4/11,0.275,0.297,0.254,0.272,,
2001/3/11,0.275,0.29,0.264,0.282,,
12/31/10,0.28,0.292,0.254,0.275,,2010/12/31
12/30/10,0.264,0.292,0.259,0.282,,2010/12/30
12/29/10,0.3,0.31,0.275,0.295,,2010/12/29
12/28/10,0.3,0.315,0.277,0.295,,2010/12/28
12/27/10,0.295,0.32,0.282,0.315,,2010/12/27
12/24/10,0.295,0.305,0.277,0.295,,2010/12/24
12/23/10,0.295,0.305,0.277,0.295,,2010/12/23
12/22/10,0.292,0.3,0.277,0.297,,2010/12/22
12/21/10,0.302,0.3,0.277,0.295,,2010/12/21
12/20/10,0.305,0.315,0.285,0.295,,2010/12/20
12/17/10,0.305,0.315,0.285,0.297,,2010/12/17
12/16/10,0.32,0.323,0.287,0.302,,2010/12/16
12/15/10,0.315,0.328,0.29,0.308,,2010/12/15
12/14/10,0.274,0.287,0.249,0.272,,2010/12/14
12/13/10,0.269,0.292,0.249,0.29,,2010/12/13
2012/10/10,0.28,0.295,0.254,0.275,,
2012/9/10,0.28,0.29,0.254,0.28,,
2012/8/10,0.252,0.29,0.249,0.287,,
2012/7/10,0.252,0.257,0.229,0.252,,
2012/6/10,0.259,0.269,0.236,0.249,,
2012/3/10,0.275,0.29,0.249,0.264,,
2012/2/10,0.28,0.287,0.264,0.277,,
2012/1/10,0.267,0.285,0.249,0.275,,
11/30/10,0.275,0.285,0.246,0.267,,2010/11/30
11/29/10,0.264,0.28,0.252,0.28,,2010/11/29
11/26/10,0.262,0.29,0.249,0.28,,2010/11/26
11/25/10,0.254,0.259,0.239,0.254,,2010/11/25
11/24/10,0.254,0.275,0.236,0.272,,2010/11/24
11/23/10,0.259,0.275,0.241,0.254,,2010/11/23
11/22/10,0.269,0.277,0.246,0.267,,2010/11/22
11/19/10,0.264,0.272,0.249,0.269,,2010/11/19
11/18/10,0.267,0.277,0.249,0.272,,2010/11/18
11/17/10,0.269,0.287,0.257,0.267,,2010/11/17
11/16/10,0.274,0.28,0.254,0.269,,2010/11/16
11/15/10,0.254,0.285,0.224,0.274,,2010/11/15
2011/12/10,0.234,0.252,0.234,0.246,,
2011/11/10,0.213,0.252,0.201,0.234,,
2011/10/10,0.213,0.241,0.201,0.236,,
2011/9/10,0.224,0.236,0.198,0.229,,
2011/8/10,0.213,0.231,0.196,0.216,,
2011/5/10,0.203,0.216,0.18,0.208,,
2011/4/10,0.208,0.216,0.183,0.206,,
2011/3/10,0.206,0.224,0.196,0.211,,
2011/2/10,0.213,0.224,0.193,0.208,,
2011/1/10,0.213,0.213,0.201,0.213,,
10/29/10,0.224,0.234,0.203,0.213,,2010/10/29
10/28/10,0.229,0.236,0.211,0.224,,2010/10/28
10/27/10,0.224,0.239,0.208,0.234,,2010/10/27
10/26/10,0.213,0.226,0.206,0.221,,2010/10/26
10/25/10,0.224,0.234,0.203,0.218,,2010/10/25
10/22/10,0.224,0.234,0.203,0.218,,2010/10/22
10/21/10,0.226,0.234,0.206,0.221,,2010/10/21
10/20/10,0.229,0.239,0.206,0.226,,2010/10/20
10/19/10,0.218,0.239,0.206,0.229,,2010/10/19
10/18/10,0.213,0.224,0.198,0.218,,2010/10/18
10/15/10,0.213,0.226,0.198,0.211,,2010/10/15
10/14/10,0.203,0.218,0.19,0.216,,2010/10/14
10/13/10,0.203,0.218,0.188,0.211,,2010/10/13
2010/12/10,0.203,0.208,0.188,0.203,,
2010/11/10,0.208,0.221,0.183,0.203,,
2010/8/10,0.208,0.221,0.188,0.201,,
2010/7/10,0.234,0.244,0.201,0.218,,
2010/6/10,0.244,0.252,0.221,0.234,,
2010/5/10,0.249,0.244,0.229,0.246,,
2010/4/10,0.254,0.264,0.231,0.249,,
2010/1/10,0.259,0.267,0.239,0.254,,
09/30/10,0.259,0.272,0.241,0.254,,2010/9/30
09/29/10,0.259,0.262,0.239,0.262,,2010/9/29
09/28/10,0.249,0.269,0.236,0.259,,2010/9/28
09/27/10,0.259,0.269,0.234,0.262,,2010/9/27
09/24/10,0.254,0.264,0.226,0.257,,2010/9/24
09/23/10,0.257,0.269,0.236,0.249,,2010/9/23
09/22/10,0.902,0.259,0.241,0.259,,2010/9/22
09/21/10,0.249,0.262,0.236,0.257,,2010/9/21
09/20/10,0.252,0.259,0.224,0.252,,2010/9/20
09/17/10,0.244,0.254,0.226,0.241,,2010/9/17
09/16/10,0.244,0.254,0.221,0.246,,2010/9/16
09/15/10,0.244,0.254,0.224,0.241,,2010/9/15
09/14/10,0.244,0.254,0.231,0.246,,2010/9/14
09/13/10,0.244,0.254,0.221,0.252,,2010/9/13
2009/10/10,0.244,0.254,0.221,0.252,,
2009/9/10,0.239,0.249,0.218,0.244,,
2009/8/10,0.239,0.249,0.224,0.239,,
2009/7/10,0.239,0.246,0.218,0.241,,
2009/6/10,0.239,0.254,0.216,0.241,,
2009/3/10,0.239,0.254,0.216,0.241,,
2009/2/10,0.239,0.254,0.226,0.244,,
2009/1/10,0.239,0.254,0.226,0.244,,
08/31/10,0.254,0.264,0.229,0.246,,2010/8/31
08/30/10,0.262,0.275,0.241,0.259,,2010/8/30
08/27/10,0.249,0.272,0.244,0.264,,2010/8/27
08/26/10,0.264,0.269,0.244,0.262,,2010/8/26
08/25/10,0.903,0.275,0.244,0.259,,2010/8/25
08/24/10,0.244,0.252,0.224,0.246,,2010/8/24
08/23/10,0.244,0.249,0.218,0.244,,2010/8/23
08/20/10,0.244,0.254,0.221,0.234,,2010/8/20
08/19/10,0.226,0.254,0.226,0.241,,2010/8/19
08/18/10,0.244,0.252,0.226,0.244,,2010/8/18
08/17/10,0.244,0.257,0.224,0.244,,2010/8/17
08/16/10,0.249,0.254,0.221,0.249,,2010/8/16
08/13/10,0.244,0.252,0.226,0.244,,2010/8/13
2008/12/10,0.249,0.249,0.226,0.244,,
2008/11/10,0.249,0.259,0.221,0.239,,
2008/10/10,0.249,0.259,0.229,0.252,,
2008/9/10,0.249,0.259,0.231,0.257,,
2008/6/10,0.259,0.262,0.236,0.249,,
2008/5/10,0.264,0.275,0.246,0.257,,
2008/4/10,0.264,0.272,0.246,0.269,,
2008/3/10,0.282,0.285,0.249,0.262,,
2008/2/10,0.29,0.295,0.269,0.282,,
07/30/10,0.295,0.308,0.267,0.285,,2010/7/30
07/29/10,0.267,0.313,0.275,0.295,,2010/7/29
07/28/10,0.31,0.328,0.29,0.302,,2010/7/28
07/27/10,0.259,0.287,0.246,0.287,,2010/7/27
07/26/10,0.254,0.277,0.239,0.274,,2010/7/26
07/23/10,0.249,0.264,0.234,0.259,,2010/7/23
07/22/10,0.249,0.264,0.234,0.254,,2010/7/22
07/21/10,0.259,0.269,0.241,0.259,,2010/7/21
07/20/10,0.259,0.267,0.239,0.262,,2010/7/20
07/19/10,0.262,0.267,0.239,0.262,,2010/7/19
07/16/10,0.267,0.272,0.244,0.257,,2010/7/16
07/15/10,0.275,0.29,0.241,0.259,,2010/7/15
07/14/10,0.3,0.313,0.275,0.292,,2010/7/14
07/13/10,0.297,0.308,0.28,0.295,,2010/7/13
2007/12/10,0.295,0.308,0.277,0.297,,
2007/9/10,0.28,0.31,0.28,0.292,,
2007/8/10,0.3,0.31,0.285,0.297,,
2007/7/10,0.315,0.32,0.29,0.308,,
2007/6/10,0.31,0.326,0.287,0.315,,
2007/5/10,0.315,0.328,0.302,0.315,,
2007/2/10,0.315,0.328,0.302,0.313,,
2007/1/10,0.315,0.328,0.295,0.315,,
06/30/10,0.31,0.333,0.297,0.328,,2010/6/30
06/29/10,0.274,0.287,0.262,0.28,,2010/6/29
06/28/10,0.28,0.292,0.254,0.28,,2010/6/28
06/25/10,0.282,0.297,0.262,0.277,,2010/6/25
06/24/10,0.275,0.287,0.259,0.28,,2010/6/24
06/23/10,0.28,0.292,0.262,0.285,,2010/6/23
06/22/10,0.275,0.287,0.259,0.285,,2010/6/22
06/21/10,0.275,0.297,0.262,0.282,,2010/6/21
06/18/10,0.269,0.282,0.254,0.275,,2010/6/18
06/17/10,0.275,0.292,0.249,0.275,,2010/6/17
06/16/10,0.29,0.31,0.264,0.277,,2010/6/16
06/15/10,0.29,0.297,0.272,0.287,,2010/6/15
06/14/10,0.3,0.318,0.282,0.3,,2010/6/14
2006/11/10,0.331,0.341,0.292,0.302,,
2006/10/10,0.315,0.333,0.3,0.328,,
2006/9/10,0.326,0.341,0.313,0.328,,
2006/8/10,0.331,0.341,0.305,0.323,,
2006/7/10,0.336,0.354,0.318,0.343,,
2006/4/10,0.377,0.384,0.331,0.343,,
2006/3/10,0.387,0.392,0.361,0.379,,
2006/2/10,0.32,0.343,0.308,0.343,,
2006/1/10,0.32,0.336,0.302,0.323,,
05/31/10,0.346,0.356,0.315,0.328,,2010/5/31
05/28/10,0.346,0.356,0.318,0.331,,2010/5/28
05/27/10,0.341,0.359,0.328,0.353,,2010/5/27
05/26/10,0.333,0.351,0.32,0.343,,2010/5/26
05/25/10,0.341,0.346,0.295,0.32,,2010/5/25
05/24/10,0.336,0.348,0.323,0.338,,2010/5/24
05/21/10,0.315,0.331,0.295,0.32,,2010/5/21
05/20/10,0.346,0.359,0.3,0.32,,2010/5/20
05/19/10,0.326,0.351,0.308,0.331,,2010/5/19
05/18/10,0.351,0.361,0.333,0.353,,2010/5/18
05/17/10,0.336,0.353,0.32,0.348,,2010/5/17
05/14/10,0.377,0.397,0.333,0.343,,2010/5/14
05/13/10,0.387,0.397,0.364,0.379,,2010/5/13
2005/12/10,0.382,0.402,0.369,0.389,,
2005/11/10,0.397,0.41,0.359,0.392,,
2005/10/10,0.371,0.435,0.356,0.415,,
2005/7/10,0.361,0.384,0.331,0.364,,
2005/6/10,0.387,0.402,0.348,0.359,,
2005/5/10,0.412,0.438,0.371,0.392,,
2005/4/10,0.399,0.399,0.369,0.392,,
2005/3/10,0.394,0.402,0.371,0.394,,
04/30/10,0.387,0.402,0.369,0.387,,2010/4/30
04/29/10,0.389,0.399,0.366,0.392,,2010/4/29
04/28/10,0.387,0.402,0.369,0.392,,2010/4/28
04/27/10,0.433,0.44,0.377,0.387,,2010/4/27
04/26/10,0.443,0.448,0.417,0.433,,2010/4/26
04/23/10,0.417,0.448,0.402,0.433,,2010/4/23
04/22/10,0.412,0.425,0.392,0.415,,2010/4/22
04/21/10,0.412,0.428,0.389,0.422,,2010/4/21
04/20/10,0.397,0.417,0.384,0.417,,2010/4/20
04/19/10,0.397,0.407,0.374,0.394,,2010/4/19
04/16/10,0.42,0.435,0.379,0.392,,2010/4/16
04/15/10,0.438,0.453,0.41,0.425,,2010/4/15
04/14/10,0.438,0.453,0.42,0.438,,2010/4/14
04/13/10,0.438,0.453,0.417,0.446,,2010/4/13
2004/12/10,0.456,0.466,0.433,0.453,,
2004/9/10,0.448,0.469,0.433,0.456,,
2004/8/10,0.464,0.471,0.435,0.453,,
2004/7/10,0.494,0.497,0.458,0.476,,
2004/6/10,0.451,0.453,0.412,0.448,,
2004/5/10,0.427,0.453,0.407,0.44,,
2004/2/10,0.402,0.427,0.389,0.425,,
2004/1/10,0.387,0.402,0.374,0.397,,
03/31/10,0.402,0.412,0.382,0.397,,2010/3/31
03/30/10,0.392,0.415,0.377,0.397,,2010/3/30
03/29/10,0.402,0.407,0.379,0.4,,2010/3/29
03/26/10,0.407,0.417,0.389,0.407,,2010/3/26
03/25/10,0.422,0.435,0.389,0.412,,2010/3/25
03/24/10,0.392,0.412,0.377,0.407,,2010/3/24
03/23/10,0.402,0.405,0.377,0.394,,2010/3/23
03/22/10,0.402,0.41,0.382,0.392,,2010/3/22
03/19/10,0.389,0.397,0.369,0.394,,2010/3/19
03/18/10,0.377,0.392,0.364,0.389,,2010/3/18
03/17/10,0.387,0.417,0.374,0.402,,2010/3/17
03/16/10,0.407,0.417,0.389,0.415,,2010/3/16
03/15/10,0.348,0.41,0.379,0.397,,2010/3/15
2003/12/10,0.392,0.405,0.374,0.397,,
2003/11/10,0.387,0.397,0.364,0.389,,
2003/10/10,0.907,0.384,0.356,0.379,,
2003/9/10,0.348,0.353,0.328,0.346,,
2003/8/10,0.336,0.353,0.323,0.346,,
2003/5/10,0.315,0.356,0.3,0.351,,
2003/4/10,0.305,0.328,0.292,0.313,,
2003/3/10,0.3,0.318,0.285,0.318,,
2003/2/10,0.305,0.325,0.292,0.302,,
2003/1/10,0.295,0.318,0.282,0.31,,
02/26/10,0.295,0.315,0.282,0.308,,2010/2/26
02/25/10,0.32,0.326,0.287,0.305,,2010/2/25
02/24/10,0.336,0.361,0.315,0.328,,2010/2/24
02/23/10,0.348,0.369,0.32,0.341,,2010/2/23
02/22/10,0.366,0.374,0.338,0.356,,2010/2/22
02/19/10,0.371,0.392,0.356,0.382,,2010/2/19
02/18/10,0.346,0.359,0.328,0.343,,2010/2/18
02/17/10,0.336,0.356,0.323,0.346,,2010/2/17
02/16/10,0.341,0.359,0.323,0.354,,2010/2/16
02/15/10,0.361,0.369,0.323,0.346,,2010/2/15
2002/12/10,0.361,0.369,0.333,0.354,,
2002/11/10,0.379,0.382,0.354,0.374,,
2002/10/10,0.341,0.364,0.323,0.364,,
2002/9/10,0.29,0.308,0.277,0.308,,
2002/8/10,0.28,0.315,0.267,0.297,,
2002/5/10,0.295,0.308,0.267,0.287,,
2002/4/10,0.315,0.336,0.285,0.297,,
2002/3/10,0.3,0.318,0.285,0.315,,
2002/2/10,0.315,0.315,0.29,0.3,,
2002/1/10,0.285,0.313,0.272,0.308,,
01/29/10,0.259,0.313,0.277,0.3,,2010/1/29
01/28/10,0.315,0.326,0.292,0.305,,2010/1/28
01/27/10,0.295,0.305,0.275,0.29,,2010/1/27
01/26/10,0.292,0.3,0.269,0.29,,2010/1/26
01/25/10,0.285,0.302,0.272,0.297,,2010/1/25
01/22/10,0.29,0.302,0.264,0.29,,2010/1/22
01/21/10,0.315,0.333,0.3,0.32,,2010/1/21
01/20/10,0.326,0.331,0.297,0.315,,2010/1/20
01/19/10,0.32,0.371,0.297,0.328,,2010/1/19
01/18/10,0.346,0.354,0.305,0.331,,2010/1/18
01/15/10,0.346,0.354,0.313,0.323,,2010/1/15
01/14/10,0.371,0.377,0.318,0.351,,2010/1/14
01/13/10,0.346,0.359,0.331,0.359,,2010/1/13
2001/12/10,0.305,0.318,0.285,0.31,,
2001/11/10,0.338,0.374,0.3,0.313,,
2001/8/10,0.371,0.389,0.328,0.338,,
2001/7/10,0.366,0.392,0.353,0.382,,
2001/6/10,0.377,0.407,0.364,0.394,,
2001/5/10,0.407,0.417,0.371,0.389,,
2001/4/10,0.448,0.463,0.42,0.433,,
2001/1/10,0.433,0.463,0.407,0.456,,
12/31/09,0.433,0.463,0.407,0.458,,2009/12/31
12/30/09,0.443,0.453,0.417,0.433,,2009/12/30
12/29/09,0.458,0.476,0.446,0.458,,2009/12/29
12/28/09,0.417,0.443,0.405,0.435,,2009/12/28
12/25/09,0.402,0.425,0.389,0.417,,2009/12/25
12/24/09,0.402,0.415,0.389,0.415,,2009/12/24
12/23/09,0.397,0.415,0.379,0.389,,2009/12/23
12/22/09,0.397,0.41,0.374,0.405,,2009/12/22
12/21/09,0.356,0.397,0.343,0.389,,2009/12/21
12/18/09,0.346,0.364,0.328,0.351,,2009/12/18
12/17/09,0.387,0.389,0.343,0.354,,2009/12/17
12/16/09,0.422,0.425,0.371,0.382,,2009/12/16
12/15/09,0.341,0.369,0.315,0.361,,2009/12/15
12/14/09,0.262,0.328,0.277,0.328,,2009/12/14
2012/11/9,0.3,0.331,0.287,0.331,,
2012/10/9,0.28,0.323,0.262,0.31,,
2012/9/9,0.295,0.282,0.257,0.28,,
2012/8/9,0.295,0.29,0.252,0.285,,
2012/7/9,0.336,0.343,0.308,0.32,,
2012/4/9,0.264,0.351,0.252,0.346,,
2012/3/9,0.269,0.292,0.249,0.277,,
2012/2/9,0.244,0.267,0.229,0.257,,
2012/1/9,0.239,0.259,0.231,0.249,,
11/30/09,0.239,0.29,0.226,0.257,,2009/11/30
11/27/09,0.254,0.259,0.198,0.246,,2009/11/27
11/26/09,0.224,0.257,0.193,0.257,,2009/11/26
11/25/09,0.264,0.275,0.234,0.259,,2009/11/25
11/24/09,0.285,0.287,0.254,0.275,,2009/11/24
11/23/09,0.269,0.287,0.254,0.28,,2009/11/23
11/20/09,0.264,0.272,0.244,0.267,,2009/11/20
11/19/09,0.295,0.308,0.259,0.275,,2009/11/19
11/18/09,0.32,0.333,0.297,0.31,,2009/11/18
11/17/09,0.295,0.297,0.267,0.282,,2009/11/17
11/16/09,0.295,0.313,0.282,0.302,,2009/11/16
11/13/09,0.295,0.313,0.28,0.308,,2009/11/13
2011/12/9,0.308,0.32,0.269,0.302,,
2011/11/9,0.315,0.323,0.29,0.305,,
2011/10/9,0.315,0.323,0.29,0.305,,
2011/9/9,0.315,0.328,0.297,0.315,,
2011/6/9,0.326,0.343,0.3,0.315,,
2011/5/9,0.336,0.346,0.31,0.341,,
2011/4/9,0.356,0.374,0.338,0.364,,
2011/3/9,0.369,0.371,0.331,0.341,,
2011/2/9,0.361,0.384,0.346,0.374,,
10/30/09,0.359,0.392,0.356,0.377,,2009/10/30
10/29/09,0.377,0.4,0.364,0.384,,2009/10/29
10/28/09,0.387,0.394,0.356,0.369,,2009/10/28
10/27/09,0.402,0.412,0.366,0.405,,2009/10/27
10/26/09,0.397,0.412,0.387,0.407,,2009/10/26
10/23/09,0.377,0.412,0.364,0.394,,2009/10/23
10/22/09,0.387,0.394,0.364,0.387,,2009/10/22
10/21/09,0.382,0.394,0.371,0.389,,2009/10/21
10/20/09,0.351,0.353,0.318,0.338,,2009/10/20
10/19/09,0.336,0.361,0.323,0.346,,2009/10/19
10/16/09,0.331,0.348,0.318,0.343,,2009/10/16
10/15/09,0.325,0.343,0.31,0.325,,2009/10/15
10/14/09,0.325,0.356,0.31,0.323,,2009/10/14
10/13/09,0.356,0.361,0.32,0.336,,2009/10/13
2010/12/9,0.336,0.364,0.323,0.356,,
2010/9/9,0.336,0.364,0.323,0.361,,
2010/8/9,0.326,0.343,0.313,0.331,,
2010/7/9,0.356,0.359,0.318,0.333,,
2010/6/9,0.346,0.366,0.328,0.351,,
2010/5/9,0.346,0.366,0.32,0.341,,
2010/2/9,0.346,0.364,0.333,0.361,,
2010/1/9,0.387,0.41,0.351,0.364,,
09/30/09,0.397,0.407,0.384,0.379,,2009/9/30
09/29/09,0.407,0.41,0.374,0.387,,2009/9/29
09/28/09,0.407,0.42,0.384,0.4,,2009/9/28
09/25/09,0.397,0.415,0.369,0.412,,2009/9/25
09/24/09,0.407,0.407,0.384,0.4,,2009/9/24
09/23/09,0.407,0.425,0.405,0.407,,2009/9/23
09/22/09,0.374,0.379,0.348,0.361,,2009/9/22
09/21/09,0.371,0.379,0.323,0.366,,2009/9/21
09/18/09,0.351,0.374,0.338,0.369,,2009/9/18
09/17/09,0.356,0.377,0.338,0.366,,2009/9/17
09/16/09,0.366,0.379,0.302,0.364,,2009/9/16
09/15/09,0.377,0.387,0.348,0.374,,2009/9/15
09/14/09,0.377,0.384,0.351,0.371,,2009/9/14
2009/11/9,0.377,0.392,0.351,0.369,,
2009/10/9,0.361,0.394,0.364,0.377,,
2009/9/9,0.389,0.407,0.382,0.407,,
2009/8/9,0.389,0.417,0.382,0.407,,
2009/7/9,0.407,0.41,0.394,0.407,,
2009/4/9,0.407,0.422,0.384,0.41,,
2009/3/9,0.397,0.42,0.379,0.417,,
2009/2/9,0.402,0.43,0.382,0.407,,
2009/1/9,0.428,0.438,0.402,0.428,,
08/31/09,0.438,0.443,0.42,0.435,,2009/8/31
08/28/09,0.448,0.458,0.41,0.422,,2009/8/28
08/27/09,0.453,0.464,0.417,0.443,,2009/8/27
08/26/09,0.911,0.481,0.446,0.461,,2009/8/26
08/25/09,0.392,0.42,0.387,0.402,,2009/8/25
08/24/09,0.407,0.43,0.394,0.407,,2009/8/24
08/21/09,0.397,0.42,0.377,0.415,,2009/8/21
08/20/09,0.402,0.415,0.387,0.397,,2009/8/20
08/19/09,0.417,0.42,0.382,0.399,,2009/8/19
08/18/09,0.417,0.428,0.402,0.422,,2009/8/18
08/17/09,0.422,0.43,0.4,0.42,,2009/8/17
08/14/09,0.428,0.456,0.394,0.405,,2009/8/14
08/13/09,0.433,0.451,0.415,0.43,,2009/8/13
2008/12/9,0.433,0.466,0.433,0.446,,
2008/11/9,0.469,0.489,0.417,0.461,,
2008/10/9,0.499,0.507,0.466,0.481,,
2008/7/9,0.474,0.532,0.461,0.517,,
2008/6/9,0.474,0.484,0.456,0.476,,
2008/5/9,0.463,0.494,0.438,0.469,,
2008/4/9,0.474,0.492,0.451,0.481,,
2008/3/9,0.479,0.502,0.448,0.486,,
07/31/09,0.484,0.494,0.463,0.486,,2009/7/31
07/30/09,0.494,0.507,0.474,0.494,,2009/7/30
07/29/09,0.494,0.512,0.464,0.479,,2009/7/29
07/28/09,0.451,0.461,0.433,0.435,,2009/7/28
07/27/09,0.438,0.453,0.422,0.448,,2009/7/27
07/24/09,0.453,0.461,0.425,0.445,,2009/7/24
07/23/09,0.433,0.461,0.412,0.461,,2009/7/23
07/22/09,0.433,0.445,0.42,0.435,,2009/7/22
07/21/09,0.458,0.466,0.425,0.435,,2009/7/21
07/20/09,0.463,0.479,0.435,0.471,,2009/7/20
07/17/09,0.453,0.463,0.417,0.458,,2009/7/17
07/16/09,0.474,0.479,0.435,0.446,,2009/7/16
07/15/09,0.463,0.479,0.433,0.474,,2009/7/15
07/14/09,0.469,0.484,0.443,0.466,,2009/7/14
07/13/09,0.443,0.458,0.415,0.446,,2009/7/13
2007/10/9,0.458,0.471,0.433,0.443,,
2007/9/9,0.448,0.466,0.428,0.463,,
2007/8/9,0.474,0.476,0.438,0.451,,
2007/7/9,0.458,0.479,0.446,0.461,,
2007/6/9,0.489,0.502,0.458,0.476,,
2007/3/9,0.54,0.568,0.474,0.497,,
2007/2/9,0.54,0.568,0.497,0.512,,
2007/1/9,0.561,0.584,0.52,0.545,,
06/30/09,0.458,0.496,0.44,0.481,,2009/6/30
06/29/09,0.417,0.468,0.399,0.468,,2009/6/29
06/26/09,0.427,0.448,0.412,0.425,,2009/6/26
06/25/09,0.458,0.481,0.43,0.448,,2009/6/25
06/24/09,0.458,0.489,0.443,0.466,,2009/6/24
06/23/09,0.469,0.497,0.453,0.463,,2009/6/23
06/22/09,0.489,0.497,0.461,0.481,,2009/6/22
06/19/09,0.504,0.517,0.481,0.504,,2009/6/19
06/18/09,0.479,0.509,0.461,0.507,,2009/6/18
06/17/09,0.484,0.509,0.471,0.486,,2009/6/17
06/16/09,0.489,0.507,0.471,0.484,,2009/6/16
06/15/09,0.504,0.509,0.463,0.474,,2009/6/15
2006/12/9,0.52,0.53,0.491,0.522,,
2006/11/9,0.54,0.566,0.527,0.54,,
2006/10/9,0.54,0.548,0.527,0.527,,
2006/9/9,0.617,0.627,0.532,0.543,,
2006/8/9,0.612,0.635,0.581,0.62,,
2006/5/9,0.463,0.568,0.451,0.568,,
2006/4/9,0.448,0.458,0.428,0.451,,
2006/3/9,0.464,0.466,0.428,0.44,,
2006/2/9,0.468,0.468,0.405,0.422,,
2006/1/9,0.448,0.473,0.43,0.471,,
05/29/09,0.458,0.474,0.443,0.466,,2009/5/29
05/28/09,0.474,0.489,0.453,0.479,,2009/5/28
05/27/09,0.471,0.484,0.451,0.471,,2009/5/27
05/26/09,0.463,0.474,0.433,0.476,,2009/5/26
05/25/09,0.443,0.463,0.43,0.461,,2009/5/25
05/22/09,0.443,0.463,0.43,0.461,,2009/5/22
05/21/09,0.433,0.44,0.415,0.435,,2009/5/21
05/20/09,0.469,0.497,0.425,0.446,,2009/5/20
05/19/09,0.494,0.509,0.469,0.484,,2009/5/19
05/18/09,0.481,0.502,0.448,0.494,,2009/5/18
05/15/09,0.479,0.502,0.435,0.491,,2009/5/15
05/14/09,0.509,0.517,0.471,0.507,,2009/5/14
05/13/09,0.53,0.55,0.494,0.509,,2009/5/13
2005/12/9,0.52,0.54,0.499,0.535,,
2005/11/9,0.545,0.556,0.52,0.538,,
2005/8/9,0.55,0.556,0.504,0.538,,
2005/7/9,0.515,0.538,0.494,0.53,,
2005/6/9,0.556,0.625,0.504,0.52,,
2005/5/9,0.484,0.496,0.466,0.489,,
2005/4/9,0.471,0.489,0.445,0.481,,
2005/1/9,0.468,0.486,0.448,0.479,,
04/30/09,0.468,0.502,0.456,0.491,,2009/4/30
04/29/09,0.489,0.497,0.443,0.456,,2009/4/29
04/28/09,0.469,0.486,0.44,0.481,,2009/4/28
04/27/09,0.481,0.489,0.458,0.486,,2009/4/27
04/24/09,0.474,0.499,0.456,0.471,,2009/4/24
04/23/09,0.494,0.507,0.481,0.484,,2009/4/23
04/22/09,0.525,0.527,0.479,0.502,,2009/4/22
04/21/09,0.525,0.527,0.461,0.509,,2009/4/21
04/20/09,0.555,0.568,0.499,0.52,,2009/4/20
04/17/09,0.52,0.553,0.497,0.545,,2009/4/17
04/16/09,0.525,0.543,0.502,0.517,,2009/4/16
04/15/09,0.576,0.553,0.515,0.532,,2009/4/15
04/14/09,0.576,0.594,0.52,0.53,,2009/4/14
04/13/09,0.592,0.609,0.568,0.586,,2009/4/13
2004/10/9,0.592,0.607,0.568,0.594,,
2004/9/9,0.592,0.607,0.568,0.597,,
2004/8/9,0.556,0.599,0.543,0.584,,
2004/7/9,0.571,0.586,0.543,0.563,,
2004/6/9,0.586,0.602,0.55,0.576,,
2004/3/9,0.561,0.591,0.548,0.586,,
2004/2/9,0.55,0.566,0.537,0.563,,
2004/1/9,0.555,0.568,0.535,0.555,,
03/31/09,0.571,0.586,0.558,0.576,,2009/3/31
03/30/09,0.576,0.602,0.548,0.568,,2009/3/30
03/27/09,0.566,0.571,0.538,0.568,,2009/3/27
03/26/09,0.581,0.602,0.548,0.558,,2009/3/26
03/25/09,0.591,0.627,0.574,0.586,,2009/3/25
03/24/09,0.602,0.607,0.574,0.612,,2009/3/24
03/23/09,0.591,0.615,0.576,0.604,,2009/3/23
03/20/09,0.591,0.599,0.561,0.591,,2009/3/20
03/19/09,0.571,0.594,0.558,0.592,,2009/3/19
03/18/09,0.694,0.697,0.653,0.663,,2009/3/18
03/17/09,0.674,0.702,0.658,0.666,,2009/3/17
03/16/09,0.684,0.704,0.653,0.699,,2009/3/16
03/13/09,0.699,0.715,0.656,0.668,,2009/3/13
2003/12/9,0.71,0.717,0.676,0.699,,
2003/11/9,0.715,0.725,0.689,0.71,,
2003/10/9,0.678,0.707,0.666,0.702,,
2003/9/9,0.653,0.684,0.625,0.681,,
2003/6/9,0.637,0.658,0.622,0.64,,
2003/5/9,0.678,0.684,0.645,0.668,,
2003/4/9,0.653,0.697,0.637,0.676,,
2003/3/9,0.653,0.679,0.625,0.666,,
2003/2/9,0.694,0.697,0.635,0.673,,
02/27/09,0.715,0.722,0.663,0.707,,2009/2/27
02/26/09,0.735,0.745,0.661,0.727,,2009/2/26
02/25/09,0.704,0.72,0.645,0.715,,2009/2/25
02/24/09,0.673,0.704,0.661,0.689,,2009/2/24
02/23/09,0.535,0.673,0.62,0.64,,2009/2/23
02/20/09,0.658,0.676,0.625,0.643,,2009/2/20
02/19/09,0.643,0.671,0.622,0.653,,2009/2/19
02/18/09,0.602,0.635,0.579,0.635,,2009/2/18
02/17/09,0.622,0.627,0.579,0.592,,2009/2/17
02/16/09,0.597,0.627,0.571,0.625,,2009/2/16
02/13/09,0.597,0.62,0.571,0.612,,2009/2/13
2002/12/9,0.602,0.615,0.568,0.589,,
2002/11/9,0.592,0.645,0.566,0.607,,
2002/10/9,0.56,0.589,0.548,0.589,,
2002/9/9,0.535,0.573,0.507,0.568,,
2002/6/9,0.525,0.537,0.499,0.535,,
2002/5/9,0.438,0.525,0.486,0.507,,
2002/4/9,0.525,0.537,0.491,0.514,,
2002/3/9,0.499,0.514,0.469,0.514,,
2002/2/9,0.489,0.504,0.453,0.481,,
01/30/09,0.489,0.507,0.44,0.481,,2009/1/30
01/29/09,0.479,0.509,0.458,0.476,,2009/1/29
01/28/09,0.443,0.474,0.44,0.471,,2009/1/28
01/27/09,0.443,0.499,0.443,0.471,,2009/1/27
01/26/09,0.428,0.461,0.415,0.458,,2009/1/26
01/23/09,0.412,0.43,0.387,0.428,,2009/1/23
01/22/09,0.443,0.44,0.389,0.425,,2009/1/22
01/21/09,0.42,0.448,0.394,0.422,,2009/1/21
01/20/09,0.443,0.463,0.405,0.453,,2009/1/20
01/19/09,0.422,0.458,0.4,0.43,,2009/1/19
01/16/09,0.422,0.458,0.4,0.433,,2009/1/16
01/15/09,0.407,0.425,0.394,0.425,,2009/1/15
01/14/09,0.428,0.448,0.402,0.422,,2009/1/14
01/13/09,0.407,0.443,0.392,0.422,,2009/1/13
2001/12/9,0.412,0.433,0.399,0.422,,
2001/9/9,0.427,0.44,0.382,0.407,,
2001/8/9,0.402,0.42,0.392,0.415,,
2001/7/9,0.424,0.435,0.397,0.41,,
2001/6/9,0.418,0.451,0.389,0.443,,
2001/5/9,0.369,0.407,0.341,0.394,,
2001/2/9,0.351,0.382,0.318,0.341,,
2001/1/9,0.328,0.353,0.295,0.353,,
12/31/08,0.328,0.338,0.295,0.338,,2008/12/31
12/30/08,0.333,0.341,0.315,0.333,,2008/12/30
12/29/08,0.348,0.387,0.326,0.346,,2008/12/29
12/26/08,0.383,0.398,0.372,0.388,,2008/12/26
12/25/08,0.408,0.413,0.39,0.408,,2008/12/25
12/24/08,0.408,0.413,0.39,0.408,,2008/12/24
12/23/08,0.407,0.92,0.369,0.389,,2008/12/23
12/22/08,0.407,0.408,0.397,0.405,,2008/12/22
12/19/08,0.449,0.469,0.436,0.456,,2008/12/19
12/18/08,0.449,0.469,0.436,0.44,,2008/12/18
12/17/08,0.48,0.514,0.436,0.446,,2008/12/17
12/16/08,0.48,0.514,0.453,0.473,,2008/12/16
12/15/08,0.48,0.514,0.453,0.473,,2008/12/15
2012/12/8,0.47,0.486,0.445,0.461,,
2012/11/8,0.005,0.491,0.445,0.491,,
2012/10/8,0.46,0.489,0.443,0.463,,
2012/9/8,0.005,0.53,0.461,0.471,,
2012/8/8,0.531,0.616,0.474,0.494,,
2012/5/8,0.583,0.625,0.476,0.489,,
2012/4/8,0.707,0.712,0.62,0.668,,
2012/3/8,0.768,0.787,0.707,0.725,,
2012/2/8,0.817,0.825,0.771,0.784,,
2012/1/8,0.933,0.939,0.843,0.854,,
11/28/08,0.923,0.949,0.905,0.934,,2008/11/28
11/27/08,0.954,1.003,0.913,0.931,,2008/11/27
11/26/08,0.954,1.003,0.918,0.957,,2008/11/26
11/25/08,0.934,1.148,0.913,0.941,,2008/11/25
11/24/08,0.838,0.892,0.823,0.851,,2008/11/24
11/21/08,0.851,0.892,0.823,0.833,,2008/11/21
11/20/08,0.986,0.991,0.836,0.862,,2008/11/20
11/19/08,1.058,1.068,1.014,1.032,,2008/11/19
11/18/08,1.078,1.085,1.018,1.052,,2008/11/18
11/17/08,1.12,1.535,0.236,1.132,,2008/11/17
11/14/08,1.151,1.174,1.099,1.143,,2008/11/14
11/13/08,1.116,1.093,0.993,1.075,,2008/11/13
2011/12/8,1.153,1.179,1.062,1.062,,
2011/11/8,1.153,1.184,1.119,1.148,,
2011/10/8,1.203,1.27,1.174,1.218,,
2011/7/8,1.172,1.205,1.133,1.197,,
2011/6/8,1.234,1.241,1.158,1.202,,
2011/5/8,1.286,1.312,1.257,1.27,,
2011/4/8,1.327,1.353,1.27,1.332,,
2011/3/8,1.335,1.34,1.288,1.322,,
10/31/08,1.459,1.339,1.26,1.304,,2008/10/31
10/30/08,1.459,1.424,1.343,1.353,,2008/10/30
10/29/08,1.527,1.532,1.427,1.44,,2008/10/29
10/28/08,1.543,1.599,1.5,1.536,,2008/10/28
10/27/08,1.582,1.591,1.523,1.547,,2008/10/27
10/24/08,1.674,1.685,1.429,1.568,,2008/10/24
10/23/08,1.699,1.686,1.586,1.654,,2008/10/23
10/22/08,1.743,1.772,1.628,1.662,,2008/10/22
10/21/08,1.704,1.752,1.642,1.728,,2008/10/21
10/20/08,1.296,1.415,1.282,1.412,,2008/10/20
10/17/08,1.196,1.327,1.068,1.293,,2008/10/17
10/16/08,1.196,1.257,1.068,1.236,,2008/10/16
10/15/08,1.22,1.236,1.137,1.156,,2008/10/15
10/14/08,1.047,1.327,1.024,1.174,,2008/10/14
10/13/08,1.245,1.26,0.952,1.05,,2008/10/13
2010/10/8,1.245,1.26,0.952,1.055,,
2010/9/8,1.276,1.366,1.26,1.325,,
2010/8/8,1.193,1.26,1.078,1.228,,
2010/7/8,1.254,1.397,1.208,1.343,,
2010/6/8,1.412,1.426,1.182,1.229,,
2010/3/8,1.435,1.502,1.348,1.492,,
2010/2/8,1.69,1.756,1.426,1.471,,
2010/1/8,1.811,1.816,1.63,1.677,,
09/30/08,1.506,1.793,1.481,1.772,,2008/9/30
09/29/08,1.861,1.869,1.594,1.706,,2008/9/29
09/26/08,1.98,1.993,1.743,1.793,,2008/9/26
09/25/08,1.917,1.938,1.754,1.896,,2008/9/25
09/24/08,1.996,2.067,1.888,1.927,,2008/9/24
09/23/08,2.056,2.064,1.938,1.988,,2008/9/23
09/22/08,2.136,2.181,2.019,2.083,,2008/9/22
09/19/08,1.537,1.544,1.373,1.399,,2008/9/19
09/18/08,1.469,1.553,1.262,1.472,,2008/9/18
09/17/08,1.631,1.778,1.522,1.532,,2008/9/17
09/16/08,2.119,1.716,1.392,1.441,,2008/9/16
09/15/08,1.991,2.023,1.559,1.64,,2008/9/15
2009/12/8,2.031,2.042,1.921,1.997,,
2009/11/8,2.063,2.068,1.984,2.013,,
2009/10/8,2.074,2.092,2.031,2.06,,
2009/9/8,2.119,2.158,2.079,2.095,,
2009/8/8,2.127,2.274,2.111,2.163,,
2009/5/8,2.064,2.069,1.99,2.066,,
2009/4/8,2.096,2.101,2.048,2.074,,
2009/3/8,2.127,2.138,2.079,2.101,,
2009/2/8,2.194,2.233,2.156,2.167,,
2009/1/8,2.202,2.208,2.141,2.186,,
08/29/08,2.202,2.208,2.141,2.194,,2008/8/29
08/28/08,2.181,2.228,2.141,2.199,,2008/8/28
08/27/08,2.176,2.268,2.165,2.194,,2008/8/27
08/26/08,2.12,2.317,1.712,2.148,,2008/8/26
08/25/08,2.167,2.194,2.104,2.117,,2008/8/25
08/22/08,2.102,2.165,2.072,2.151,,2008/8/22
08/21/08,2.06,2.094,2.036,2.091,,2008/8/21
08/20/08,2.126,2.131,2.051,2.067,,2008/8/20
08/19/08,2.141,2.152,2.078,2.094,,2008/8/19
08/18/08,2.126,2.16,2.104,2.147,,2008/8/18
08/15/08,2.148,2.155,2.105,2.123,,2008/8/15
08/14/08,2.19,2.216,2.123,2.166,,2008/8/14
08/13/08,2.201,2.206,2.15,2.155,,2008/8/13
2008/12/8,2.264,2.269,2.171,2.184,,
2008/11/8,2.195,2.232,2.177,2.227,,
2008/8/8,2.161,2.174,2.122,2.169,,
2008/7/8,2.27,2.275,2.185,2.198,,
2008/6/8,2.259,2.278,2.23,2.278,,
2008/5/8,2.281,2.291,2.259,2.267,,
2008/4/8,2.26,2.283,2.236,2.257,,
2008/1/8,2.281,2.329,2.241,2.276,,
07/31/08,2.342,2.364,2.263,2.287,,2008/7/31
07/30/08,2.313,3.137,2.154,2.369,,2008/7/30
07/29/08,2.267,2.304,2.241,2.285,,2008/7/29
07/28/08,2.191,2.339,2.241,2.272,,2008/7/28
07/25/08,2.254,2.305,2.22,2.302,,2008/7/25
07/24/08,2.368,2.371,2.255,2.307,,2008/7/24
07/23/08,2.323,2.384,2.3,2.371,,2008/7/23
07/22/08,2.258,2.284,2.218,2.276,,2008/7/22
07/21/08,2.258,2.348,2.231,2.305,,2008/7/21
07/18/08,2.237,2.271,2.197,2.226,,2008/7/18
07/17/08,2.208,3.53,2.147,2.189,,2008/7/17
07/16/08,2.158,2.18,2.103,2.143,,2008/7/16
07/15/08,2.233,2.257,2.076,2.106,,2008/7/15
07/14/08,2.307,2.347,2.212,2.222,,2008/7/14
2007/11/8,2.217,2.255,2.164,2.225,,
2007/10/8,2.212,2.228,2.178,2.196,,
2007/9/8,2.274,2.313,2.249,2.284,,
2007/8/8,2.274,2.287,2.244,2.26,,
2007/7/8,2.319,2.337,2.266,2.321,,
2007/4/8,2.373,2.383,2.298,2.312,,
2007/3/8,2.373,2.383,2.306,2.341,,
2007/2/8,2.426,2.426,2.346,2.352,,
2007/1/8,2.358,2.395,2.305,2.316,,
06/30/08,2.348,2.411,2.289,2.374,,2008/6/30
06/27/08,2.391,2.436,2.321,2.356,,2008/6/27
06/26/08,2.476,2.486,2.38,2.401,,2008/6/26
06/25/08,2.554,2.548,2.505,2.524,,2008/6/25
06/24/08,2.554,2.585,2.519,2.532,,2008/6/24
06/23/08,2.498,2.567,2.487,2.546,,2008/6/23
06/20/08,2.583,2.589,2.479,2.514,,2008/6/20
06/19/08,2.53,2.589,2.498,2.565,,2008/6/19
06/18/08,2.579,2.624,2.522,2.544,,2008/6/18
06/17/08,2.718,2.828,2.573,2.589,,2008/6/17
06/16/08,2.627,2.718,2.6,2.638,,2008/6/16
06/13/08,2.649,2.7,2.574,2.601,,2008/6/13
2006/12/8,2.481,2.601,2.462,2.588,,
2006/11/8,2.526,2.574,2.465,2.526,,
2006/10/8,2.316,2.42,2.255,2.42,,
2006/9/8,2.13,2.242,2.115,2.236,,
2006/6/8,2.171,2.224,2.112,2.126,,
2006/5/8,2.16,2.187,2.131,2.168,,
2006/4/8,2.171,2.187,2.089,2.139,,
2006/3/8,2.089,2.16,2.089,2.139,,
2006/2/8,1.956,2.148,1.932,1.983,,
05/30/08,1.956,2.315,2.27,2.305,,2008/5/30
05/29/08,1.956,1.942,1.9,1.942,,2008/5/29
05/28/08,1.9,1.924,1.874,1.916,,2008/5/28
